image,split,capture_index,width,height,timestamp_utc,latitude_audit_only,longitude_audit_only,imu_reliability,vehicle_reliability,nearest_sample_offset_ms,complete_sbg_ins_available,existing_label,image_path,metadata_path,image_sha256,metadata_sha256
Cam1_2026-06-09_15-02-35_capt3504_3505.jpg,test,3504,4752,3168,2026-06-09T05:02:34.306000+00:00,-37.7971525343,144.9845968987,0.737590471720665,0.98,-0.9999275207519531,True,False,C:\Users\61411\Documents\Codex\2026-05-24\i-am-developing-a-new-research\geotagged\cam1\Cam1_2026-06-09_15-02-35_capt3504_3505.jpg,C:\Users\61411\Documents\Codex\2026-05-24\i-am-developing-a-new-research\experiments\geotagged_cam1_complete_sbg_ins_metadata_v4_20260811\metadata\Cam1_2026-06-09_15-02-35_capt3504_3505.json,17a12e40794beb2bb2cd3aed61fdaac0e20dfd9bb7125380bea78e5a66dab63b,98d457f24611806602e6bdbaac1ffe509e27328e0b8e339b412bdaedab209cd1
Cam1_2026-06-09_15-02-36_capt3512_3513.jpg,test,3512,4752,3168,2026-06-09T05:02:35.305000+00:00,-37.797152713,144.9845969354,0.9008819774079692,0.98,0.0,True,False,C:\Users\61411\Documents\Codex\2026-05-24\i-am-developing-a-new-research\geotagged\cam1\Cam1_2026-06-09_15-02-36_capt3512_3513.jpg,C:\Users\61411\Documents\Codex\2026-05-24\i-am-developing-a-new-research\experiments\geotagged_cam1_complete_sbg_ins_metadata_v4_20260811\metadata\Cam1_2026-06-09_15-02-36_capt3512_3513.json,af8847216c540bd963bfec35742fbf1bc6f1458e4f2c598d4e03e02bf14770e5,368132ca46e52c5287cfef9a683eddee5d984b8859a82d8074f7dba69cf29358
Cam1_2026-06-09_15-02-37_capt3521_3522.jpg,test,3521,4752,3168,2026-06-09T05:02:36.430000+00:00,-37.7971527138,144.98459694,0.9010321369171488,0.98,0.0,True,False,C:\Users\61411\Documents\Codex\2026-05-24\i-am-developing-a-new-research\geotagged\cam1\Cam1_2026-06-09_15-02-37_capt3521_3522.jpg,C:\Users\61411\Documents\Codex\2026-05-24\i-am-developing-a-new-research\experiments\geotagged_cam1_complete_sbg_ins_metadata_v4_20260811\metadata\Cam1_2026-06-09_15-02-37_capt3521_3522.json,cf6a939665605afaf3d10057d2019e4a77b787245df8805ca3c6dd8d7eedd620,1e4dca804d9799ed933b7014126e23b99040f0b3367ffb5a0ba41a0977b25d87
Cam1_2026-06-09_15-02-38_capt3530_3531.jpg,test,3530,4752,3168,2026-06-09T05:02:37.555000+00:00,-37.79715336,144.984596858,0.9010321369171488,0.98,0.0,True,False,C:\Users\61411\Documents\Codex\2026-05-24\i-am-developing-a-new-research\geotagged\cam1\Cam1_2026-06-09_15-02-38_capt3530_3531.jpg,C:\Users\61411\Documents\Codex\2026-05-24\i-am-developing-a-new-research\experiments\geotagged_cam1_complete_sbg_ins_metadata_v4_20260811\metadata\Cam1_2026-06-09_15-02-38_capt3530_3531.json,dfd1419c934080b4417a88a0249336a6c19368d71f745157002c5c08f5deb6f3,76d22bfd41e2767d3d10650686c9134600f77c7154b0c112206d64a50f068e3c
Cam1_2026-06-09_15-02-39_capt3538_3539.jpg,test,3538,4752,3168,2026-06-09T05:02:38.555000+00:00,-37.7971583097,144.9845961724,0.9010321369171488,0.98,0.0,True,False,C:\Users\61411\Documents\Codex\2026-05-24\i-am-developing-a-new-research\geotagged\cam1\Cam1_2026-06-09_15-02-39_capt3538_3539.jpg,C:\Users\61411\Documents\Codex\2026-05-24\i-am-developing-a-new-research\experiments\geotagged_cam1_complete_sbg_ins_metadata_v4_20260811\metadata\Cam1_2026-06-09_15-02-39_capt3538_3539.json,cb0d2c1f3ed7f15705695f90e9da32a9447a08f2a69632d689d38e1a1c00f7a0,070f6cef42770cbc0fc94156920429b68b9ac86e955b270d301d64b62b015a18
Cam1_2026-06-09_15-02-40_capt3547_3548.jpg,test,3547,4752,3168,2026-06-09T05:02:39.680000+00:00,-37.7971661617,144.9845951635,0.9010321369171488,0.98,0.0,True,False,C:\Users\61411\Documents\Codex\2026-05-24\i-am-developing-a-new-research\geotagged\cam1\Cam1_2026-06-09_15-02-40_capt3547_3548.jpg,C:\Users\61411\Documents\Codex\2026-05-24\i-am-developing-a-new-research\experiments\geotagged_cam1_complete_sbg_ins_metadata_v4_20260811\metadata\Cam1_2026-06-09_15-02-40_capt3547_3548.json,04632e43c89bb85cf8f1c133d2a934bda169f1020c60f4421b5923d495a36cf8,e6f888d8da2c3ae4c07d9ea02f9477ee2a77b209d105edb8157253567adc2b2e
Cam1_2026-06-09_15-02-42_capt3556_3557.jpg,test,3556,4752,3168,2026-06-09T05:02:40.805000+00:00,-37.797168308,144.9845948783,0.9010321369171488,0.98,0.0,True,False,C:\Users\61411\Documents\Codex\2026-05-24\i-am-developing-a-new-research\geotagged\cam1\Cam1_2026-06-09_15-02-42_capt3556_3557.jpg,C:\Users\61411\Documents\Codex\2026-05-24\i-am-developing-a-new-research\experiments\geotagged_cam1_complete_sbg_ins_metadata_v4_20260811\metadata\Cam1_2026-06-09_15-02-42_capt3556_3557.json,b0faddfa67b517278f532cb2c6653574cfb9122b6a8caaecaa2c146d56d0ee19,255ce6c227db28c4cc2b9a00f56acc1b9719428a036dd2f5618f6c2b459e0ac9
Cam1_2026-06-09_15-02-42_capt3564_3565.jpg,test,3564,4752,3168,2026-06-09T05:02:41.804000+00:00,-37.7971683265,144.9845948817,0.7376782376327267,0.98,1.0001659393310547,True,False,C:\Users\61411\Documents\Codex\2026-05-24\i-am-developing-a-new-research\geotagged\cam1\Cam1_2026-06-09_15-02-42_capt3564_3565.jpg,C:\Users\61411\Documents\Codex\2026-05-24\i-am-developing-a-new-research\experiments\geotagged_cam1_complete_sbg_ins_metadata_v4_20260811\metadata\Cam1_2026-06-09_15-02-42_capt3564_3565.json,4c4788a2ede8aa6746304b55cd835e6311c85b41ab95689477fc8039cabb7292,172917d873716e49c10da62b9cdeb13906580cf387194554eccd8cefcdecb487
Cam1_2026-06-09_15-02-44_capt3573_3574.jpg,test,3573,4752,3168,2026-06-09T05:02:42.930000+00:00,-37.7971683228,144.9845948604,0.9010321369171488,0.98,0.0,True,False,C:\Users\61411\Documents\Codex\2026-05-24\i-am-developing-a-new-research\geotagged\cam1\Cam1_2026-06-09_15-02-44_capt3573_3574.jpg,C:\Users\61411\Documents\Codex\2026-05-24\i-am-developing-a-new-research\experiments\geotagged_cam1_complete_sbg_ins_metadata_v4_20260811\metadata\Cam1_2026-06-09_15-02-44_capt3573_3574.json,97f37686b487eaec39bc032a287656381958c0c90653b3054a9ac85bf7186df7,35c62ef8e2094b7be2059c9631fd0e3b2362088fdab045d3d4a9a3d9a640b0bf
Cam1_2026-06-09_15-02-45_capt3582_3583.jpg,test,3582,4752,3168,2026-06-09T05:02:44.055000+00:00,-37.7971683238,144.9845948569,0.9010321369171488,0.98,0.0,True,False,C:\Users\61411\Documents\Codex\2026-05-24\i-am-developing-a-new-research\geotagged\cam1\Cam1_2026-06-09_15-02-45_capt3582_3583.jpg,C:\Users\61411\Documents\Codex\2026-05-24\i-am-developing-a-new-research\experiments\geotagged_cam1_complete_sbg_ins_metadata_v4_20260811\metadata\Cam1_2026-06-09_15-02-45_capt3582_3583.json,c9345b330d7a5d908636aa5477e36c2b5a4c3298aa9ffe4a477709e3e17cdc4c,abc707762c5164a38a2fa570eb6b3aa0900a74a4a9ecd99775bb23945bbc4c48
Cam1_2026-06-09_15-02-46_capt3590_3591.jpg,test,3590,4752,3168,2026-06-09T05:02:45.054000+00:00,-37.7971683176,144.9845948449,0.7376782376327267,0.98,1.0001659393310547,True,False,C:\Users\61411\Documents\Codex\2026-05-24\i-am-developing-a-new-research\geotagged\cam1\Cam1_2026-06-09_15-02-46_capt3590_3591.jpg,C:\Users\61411\Documents\Codex\2026-05-24\i-am-developing-a-new-research\experiments\geotagged_cam1_complete_sbg_ins_metadata_v4_20260811\metadata\Cam1_2026-06-09_15-02-46_capt3590_3591.json,2802e09053a85d329d96a714e6c379733aa136f208806e0d121db50742da4206,d99ccfad544bf49615ad3eebaa3cd4867d35e2fca8d28eee1f9a4b8301b158d0
Cam1_2026-06-09_15-02-47_capt3599_3600.jpg,test,3599,4752,3168,2026-06-09T05:02:46.179000+00:00,-37.7971683112,144.9845948499,0.7376782376327267,0.98,1.0001659393310547,True,False,C:\Users\61411\Documents\Codex\2026-05-24\i-am-developing-a-new-research\geotagged\cam1\Cam1_2026-06-09_15-02-47_capt3599_3600.jpg,C:\Users\61411\Documents\Codex\2026-05-24\i-am-developing-a-new-research\experiments\geotagged_cam1_complete_sbg_ins_metadata_v4_20260811\metadata\Cam1_2026-06-09_15-02-47_capt3599_3600.json,5baef02243e9332cefba1da0adefe1c49ab9fcb68a415146278053c0b6e57e71,dea9850ba07c921db9ff86bcb201b75a392ccb92f4fff50b5c8d0c71c91198a0
Cam1_2026-06-09_15-02-48_capt3608_3609.jpg,test,3608,4752,3168,2026-06-09T05:02:47.303000+00:00,-37.7971683007,144.9845948005,0.6039686140010224,0.98,2.000093460083008,True,False,C:\Users\61411\Documents\Codex\2026-05-24\i-am-developing-a-new-research\geotagged\cam1\Cam1_2026-06-09_15-02-48_capt3608_3609.jpg,C:\Users\61411\Documents\Codex\2026-05-24\i-am-developing-a-new-research\experiments\geotagged_cam1_complete_sbg_ins_metadata_v4_20260811\metadata\Cam1_2026-06-09_15-02-48_capt3608_3609.json,7714ec394dc227268e4f4004ed5cd308de26fba84a1a250292bf6a9574ce2eef,04a7c690d5bba9d6ccd58a15218427ab1cd35c3f655c2ff8a108769e562a1821
Cam1_2026-06-09_15-02-49_capt3616_3617.jpg,test,3616,4752,3168,2026-06-09T05:02:48.303000+00:00,-37.7971683178,144.9845948245,0.6039686140010224,0.98,2.000093460083008,True,False,C:\Users\61411\Documents\Codex\2026-05-24\i-am-developing-a-new-research\geotagged\cam1\Cam1_2026-06-09_15-02-49_capt3616_3617.jpg,C:\Users\61411\Documents\Codex\2026-05-24\i-am-developing-a-new-research\experiments\geotagged_cam1_complete_sbg_ins_metadata_v4_20260811\metadata\Cam1_2026-06-09_15-02-49_capt3616_3617.json,a8a0d44e28a679b2c877c00db7845496a0b4bdeef4a9d18e420dd90a6d4c0db6,4689d8b438ada8af903ab24fff92516fa46ba4d880029b2f883f3db1560508ea
Cam1_2026-06-09_15-02-50_capt3625_3626.jpg,test,3625,4752,3168,2026-06-09T05:02:49.428000+00:00,-37.7971683169,144.9845948382,0.6039686140010224,0.98,2.000093460083008,True,False,C:\Users\61411\Documents\Codex\2026-05-24\i-am-developing-a-new-research\geotagged\cam1\Cam1_2026-06-09_15-02-50_capt3625_3626.jpg,C:\Users\61411\Documents\Codex\2026-05-24\i-am-developing-a-new-research\experiments\geotagged_cam1_complete_sbg_ins_metadata_v4_20260811\metadata\Cam1_2026-06-09_15-02-50_capt3625_3626.json,1da2d60e9b126ab525b521f5a9fbac8a7831e3424ae23b00bd3948648759cbe3,44f67363410fe89fef01cefc36dde9f649e92f79d3483e8854fa43d011c6d6ef
Cam1_2026-06-09_15-02-51_capt3634_3635.jpg,test,3634,4752,3168,2026-06-09T05:02:50.553000+00:00,-37.7971683308,144.9845948426,0.6039686140010224,0.98,2.000093460083008,True,False,C:\Users\61411\Documents\Codex\2026-05-24\i-am-developing-a-new-research\geotagged\cam1\Cam1_2026-06-09_15-02-51_capt3634_3635.jpg,C:\Users\61411\Documents\Codex\2026-05-24\i-am-developing-a-new-research\experiments\geotagged_cam1_complete_sbg_ins_metadata_v4_20260811\metadata\Cam1_2026-06-09_15-02-51_capt3634_3635.json,909db6bf44f5cfbd7c8879b24f8dd8b980f59eb7611588e290cdf161f8a39638,4b6cf95eb04e86a453f5fffd6ac630ca0f14a793809ba22089437c97b4285ca8
Cam1_2026-06-09_15-02-52_capt3642_3643.jpg,test,3642,4752,3168,2026-06-09T05:02:51.553000+00:00,-37.7971683303,144.9845948307,0.6039686140010224,0.98,2.000093460083008,True,False,C:\Users\61411\Documents\Codex\2026-05-24\i-am-developing-a-new-research\geotagged\cam1\Cam1_2026-06-09_15-02-52_capt3642_3643.jpg,C:\Users\61411\Documents\Codex\2026-05-24\i-am-developing-a-new-research\experiments\geotagged_cam1_complete_sbg_ins_metadata_v4_20260811\metadata\Cam1_2026-06-09_15-02-52_capt3642_3643.json,c6838a48aeb7d2cc60cecdcdb31c906bbfa084d464a6a3dcc95c9cc94c30f19e,0b24e076802ac1d9cf44c230ca3ce8fd540bba0fa2e14877355b433d1c8168da
Cam1_2026-06-09_15-02-53_capt3651_3652.jpg,test,3651,4752,3168,2026-06-09T05:02:52.678000+00:00,-37.7971683325,144.9845948223,0.6039686140010224,0.98,2.000093460083008,True,False,C:\Users\61411\Documents\Codex\2026-05-24\i-am-developing-a-new-research\geotagged\cam1\Cam1_2026-06-09_15-02-53_capt3651_3652.jpg,C:\Users\61411\Documents\Codex\2026-05-24\i-am-developing-a-new-research\experiments\geotagged_cam1_complete_sbg_ins_metadata_v4_20260811\metadata\Cam1_2026-06-09_15-02-53_capt3651_3652.json,eccc22e8f578991def9308b9d71d7f3b27d4282001692984b96426fbd97e6051,f89c9cc7edcec9a3644feeb2ebf0203c8fd04fac65ac0e8284503239dba8aad2
Cam1_2026-06-09_15-02-55_capt3660_3661.jpg,test,3660,4752,3168,2026-06-09T05:02:53.803000+00:00,-37.7971683297,144.9845948134,0.6039686140010224,0.98,2.000093460083008,True,False,C:\Users\61411\Documents\Codex\2026-05-24\i-am-developing-a-new-research\geotagged\cam1\Cam1_2026-06-09_15-02-55_capt3660_3661.jpg,C:\Users\61411\Documents\Codex\2026-05-24\i-am-developing-a-new-research\experiments\geotagged_cam1_complete_sbg_ins_metadata_v4_20260811\metadata\Cam1_2026-06-09_15-02-55_capt3660_3661.json,576f5db8fcbb1a986dc03023acbe5da2bee31973bec0790c630e409e1e4f3427,aae16c0c1ce73f5e8b718f284e7e2dcb21a34a06550b1e26826614265a2010cf
Cam1_2026-06-09_15-02-56_capt3668_3669.jpg,test,3668,4752,3168,2026-06-09T05:02:54.802000+00:00,-37.7971683202,144.984594792,0.6039686140010224,0.98,-2.000093460083008,True,False,C:\Users\61411\Documents\Codex\2026-05-24\i-am-developing-a-new-research\geotagged\cam1\Cam1_2026-06-09_15-02-56_capt3668_3669.jpg,C:\Users\61411\Documents\Codex\2026-05-24\i-am-developing-a-new-research\experiments\geotagged_cam1_complete_sbg_ins_metadata_v4_20260811\metadata\Cam1_2026-06-09_15-02-56_capt3668_3669.json,1776f458da1dfbeea5ace1c346dbe370707baf1815614decabec9e2214cf29b9,8d8a685a9fce1dc53a61e571fbc4fc5eab7aa4a4c620b124907c7f71018e0b9a
Cam1_2026-06-09_15-02-57_capt3677_3678.jpg,test,3677,4752,3168,2026-06-09T05:02:55.927000+00:00,-37.7971714382,144.9845943649,0.6039686140010224,0.98,-2.000093460083008,True,False,C:\Users\61411\Documents\Codex\2026-05-24\i-am-developing-a-new-research\geotagged\cam1\Cam1_2026-06-09_15-02-57_capt3677_3678.jpg,C:\Users\61411\Documents\Codex\2026-05-24\i-am-developing-a-new-research\experiments\geotagged_cam1_complete_sbg_ins_metadata_v4_20260811\metadata\Cam1_2026-06-09_15-02-57_capt3677_3678.json,c97d33a7264d4f3343123ca8fcbe73f4abc8bbd49db69d84a59eabe384890f45,f58b7f3ccd881cf299223b541b90c558e649507c69b6915522d05660c7759de5
Cam1_2026-06-09_15-02-58_capt3686_3687.jpg,test,3686,4752,3168,2026-06-09T05:02:57.052000+00:00,-37.7971786074,144.9845933568,0.6039686140010224,0.98,-2.000093460083008,True,False,C:\Users\61411\Documents\Codex\2026-05-24\i-am-developing-a-new-research\geotagged\cam1\Cam1_2026-06-09_15-02-58_capt3686_3687.jpg,C:\Users\61411\Documents\Codex\2026-05-24\i-am-developing-a-new-research\experiments\geotagged_cam1_complete_sbg_ins_metadata_v4_20260811\metadata\Cam1_2026-06-09_15-02-58_capt3686_3687.json,f5723370397b4a2a3c212392278207cb603c3ffdb77253a1d25e08ce2bbbfb21,2d9aa3471df9e00fa8c6c0855ed6826c1d2b46b2962e82958a238a3b02d32710
Cam1_2026-06-09_15-02-59_capt3694_3695.jpg,test,3694,4752,3168,2026-06-09T05:02:58.052000+00:00,-37.7971859906,144.9845923288,0.6038679609533425,0.98,-2.000093460083008,True,False,C:\Users\61411\Documents\Codex\2026-05-24\i-am-developing-a-new-research\geotagged\cam1\Cam1_2026-06-09_15-02-59_capt3694_3695.jpg,C:\Users\61411\Documents\Codex\2026-05-24\i-am-developing-a-new-research\experiments\geotagged_cam1_complete_sbg_ins_metadata_v4_20260811\metadata\Cam1_2026-06-09_15-02-59_capt3694_3695.json,a5bdf2e41ada23afa75c9b2e2262fb7a1cba27e4f0d8568c4fe0140a0790b591,005ed44f04b2675785013849ceac062d5231821e8b9aba19f7e431c2b5294bb6
Cam1_2026-06-09_15-03-00_capt3703_3704.jpg,test,3703,4752,3168,2026-06-09T05:02:59.177000+00:00,-37.7971957815,144.9845911059,0.6038679609533425,0.98,-2.000093460083008,True,False,C:\Users\61411\Documents\Codex\2026-05-24\i-am-developing-a-new-research\geotagged\cam1\Cam1_2026-06-09_15-03-00_capt3703_3704.jpg,C:\Users\61411\Documents\Codex\2026-05-24\i-am-developing-a-new-research\experiments\geotagged_cam1_complete_sbg_ins_metadata_v4_20260811\metadata\Cam1_2026-06-09_15-03-00_capt3703_3704.json,d19bb730ab6cf3dc7e64debc6acfdad4988134ed68f9a82e10ef6ec2b7a37787,4c0f13b8c030edcd0af3ebd6546ba3b44c563196aaea7c6b38e37a04da12afde
Cam1_2026-06-09_15-03-01_capt3712_3713.jpg,test,3712,4752,3168,2026-06-09T05:03:00.302000+00:00,-37.7972107914,144.9845886128,0.6038679609533425,0.98,-2.000093460083008,True,False,C:\Users\61411\Documents\Codex\2026-05-24\i-am-developing-a-new-research\geotagged\cam1\Cam1_2026-06-09_15-03-01_capt3712_3713.jpg,C:\Users\61411\Documents\Codex\2026-05-24\i-am-developing-a-new-research\experiments\geotagged_cam1_complete_sbg_ins_metadata_v4_20260811\metadata\Cam1_2026-06-09_15-03-01_capt3712_3713.json,55b184556b03f9bdd7a5c16bc75608d66aa2c55c8a1e7068364b45338623f7f7,29e130f2646cd965dd6774f77b6b3ec6bc618d891247a09c71a18c1633a47a1a
Cam1_2026-06-09_15-03-02_capt3720_3721.jpg,test,3720,4752,3168,2026-06-09T05:03:01.301000+00:00,-37.7972290753,144.9845848678,0.7375553015047497,0.98,-1.0001659393310547,True,False,C:\Users\61411\Documents\Codex\2026-05-24\i-am-developing-a-new-research\geotagged\cam1\Cam1_2026-06-09_15-03-02_capt3720_3721.jpg,C:\Users\61411\Documents\Codex\2026-05-24\i-am-developing-a-new-research\experiments\geotagged_cam1_complete_sbg_ins_metadata_v4_20260811\metadata\Cam1_2026-06-09_15-03-02_capt3720_3721.json,4338b41a01a56cba643c8a1f3c40cc35973c3d20d60d965818ba0792b86add4d,6f00eeda53c7e40b5ba299c2187ac84ed476f5de9371ab92b5842741668c8045
Cam1_2026-06-09_15-03-03_capt3729_3730.jpg,test,3729,4752,3168,2026-06-09T05:03:02.426000+00:00,-37.7972517371,144.9845790905,0.7375553015047497,0.98,-1.0001659393310547,True,False,C:\Users\61411\Documents\Codex\2026-05-24\i-am-developing-a-new-research\geotagged\cam1\Cam1_2026-06-09_15-03-03_capt3729_3730.jpg,C:\Users\61411\Documents\Codex\2026-05-24\i-am-developing-a-new-research\experiments\geotagged_cam1_complete_sbg_ins_metadata_v4_20260811\metadata\Cam1_2026-06-09_15-03-03_capt3729_3730.json,189650240480ad5e19d5af2416d005ad26989c7cb248d03dd5cf7de4e4f6bb85,f80e78d9b27d05d4b7d2cf640f77c7be9c5cb0d23885aaa849654725dd878f1b
Cam1_2026-06-09_15-03-04_capt3738_3739.jpg,test,3738,4752,3168,2026-06-09T05:03:03.551000+00:00,-37.7972894871,144.9845693382,0.7375553015047497,0.98,-1.0001659393310547,True,False,C:\Users\61411\Documents\Codex\2026-05-24\i-am-developing-a-new-research\geotagged\cam1\Cam1_2026-06-09_15-03-04_capt3738_3739.jpg,C:\Users\61411\Documents\Codex\2026-05-24\i-am-developing-a-new-research\experiments\geotagged_cam1_complete_sbg_ins_metadata_v4_20260811\metadata\Cam1_2026-06-09_15-03-04_capt3738_3739.json,fd9c350123c3a0bb1a19fe0c1846140596b9658aaee7af3441f7b95f23295b55,2ece9cb754c2209d3f74fdfff75d49076aa97672b86bb9e03ad7bc86a06d92a1
Cam1_2026-06-09_15-03-05_capt3746_3747.jpg,test,3746,4752,3168,2026-06-09T05:03:04.551000+00:00,-37.7973353406,144.9845592327,0.7374323858644201,0.98,-1.0001659393310547,True,False,C:\Users\61411\Documents\Codex\2026-05-24\i-am-developing-a-new-research\geotagged\cam1\Cam1_2026-06-09_15-03-05_capt3746_3747.jpg,C:\Users\61411\Documents\Codex\2026-05-24\i-am-developing-a-new-research\experiments\geotagged_cam1_complete_sbg_ins_metadata_v4_20260811\metadata\Cam1_2026-06-09_15-03-05_capt3746_3747.json,d682a4719416442b856f0e114b269cce12fda48adb2b459d6be82e92c1921dc5,b5dc8a7e6041420ad8588b479d3f8fb9959814d9b168d26560a9415e9c47c080
Cam1_2026-06-09_15-03-06_capt3755_3756.jpg,test,3755,4752,3168,2026-06-09T05:03:05.676000+00:00,-37.7973987816,144.9845474256,0.7375553015047497,0.98,-1.0001659393310547,True,False,C:\Users\61411\Documents\Codex\2026-05-24\i-am-developing-a-new-research\geotagged\cam1\Cam1_2026-06-09_15-03-06_capt3755_3756.jpg,C:\Users\61411\Documents\Codex\2026-05-24\i-am-developing-a-new-research\experiments\geotagged_cam1_complete_sbg_ins_metadata_v4_20260811\metadata\Cam1_2026-06-09_15-03-06_capt3755_3756.json,955fb9fac0a3768aba40780047e56eb4cf477215c9b70d415d3f83eb882a302c,2fe8b7b7a72ceea7c474fc5fde9c793d8eb8d82b1f928a32085f6ee64721b934
Cam1_2026-06-09_15-03-08_capt3764_3765.jpg,test,3764,4752,3168,2026-06-09T05:03:06.800000+00:00,-37.7974699627,144.9845376086,0.9008819774079692,0.98,0.0,True,False,C:\Users\61411\Documents\Codex\2026-05-24\i-am-developing-a-new-research\geotagged\cam1\Cam1_2026-06-09_15-03-08_capt3764_3765.jpg,C:\Users\61411\Documents\Codex\2026-05-24\i-am-developing-a-new-research\experiments\geotagged_cam1_complete_sbg_ins_metadata_v4_20260811\metadata\Cam1_2026-06-09_15-03-08_capt3764_3765.json,70247693cb37ecc19fe70e01fc22c16aec6cc5cc995c031c94905dad76a12185,c32de9acf6b0686bd49840dead8999ad29a6339cb414fb0012ffa54014d50915
Cam1_2026-06-09_15-03-09_capt3772_3773.jpg,test,3772,4752,3168,2026-06-09T05:03:07.800000+00:00,-37.7975367142,144.9845296499,0.9008819774079692,0.98,0.0,True,False,C:\Users\61411\Documents\Codex\2026-05-24\i-am-developing-a-new-research\geotagged\cam1\Cam1_2026-06-09_15-03-09_capt3772_3773.jpg,C:\Users\61411\Documents\Codex\2026-05-24\i-am-developing-a-new-research\experiments\geotagged_cam1_complete_sbg_ins_metadata_v4_20260811\metadata\Cam1_2026-06-09_15-03-09_capt3772_3773.json,473048862e9453373f2ed4020532878e1bd0755954264064a2309cc5860470ac,6224b7953a0eccf6fe0894b0d701a73f4f74e0f3a1e7ee22aab65aca2e0d0014
Cam1_2026-06-09_15-03-10_capt3781_3782.jpg,test,3781,4752,3168,2026-06-09T05:03:08.925000+00:00,-37.7976154868,144.9845199389,0.9008819774079692,0.98,0.0,True,False,C:\Users\61411\Documents\Codex\2026-05-24\i-am-developing-a-new-research\geotagged\cam1\Cam1_2026-06-09_15-03-10_capt3781_3782.jpg,C:\Users\61411\Documents\Codex\2026-05-24\i-am-developing-a-new-research\experiments\geotagged_cam1_complete_sbg_ins_metadata_v4_20260811\metadata\Cam1_2026-06-09_15-03-10_capt3781_3782.json,b4b31146e3387318884b76512724714b0a572c9a136fe2d03eb58a37b89083f8,7c07fa5fcf963c89e558d517429bab76e010d1830250ffbcd19ef94636ab8a85
Cam1_2026-06-09_15-03-11_capt3790_3791.jpg,test,3790,4752,3168,2026-06-09T05:03:10.050000+00:00,-37.7977006159,144.9845078337,0.9008819774079692,0.98,0.0,True,False,C:\Users\61411\Documents\Codex\2026-05-24\i-am-developing-a-new-research\geotagged\cam1\Cam1_2026-06-09_15-03-11_capt3790_3791.jpg,C:\Users\61411\Documents\Codex\2026-05-24\i-am-developing-a-new-research\experiments\geotagged_cam1_complete_sbg_ins_metadata_v4_20260811\metadata\Cam1_2026-06-09_15-03-11_capt3790_3791.json,754ba5c8174f3c87f60d3c4829722fe86ea350c9a7e34928c26e1b924852e8b0,a874c4949742b81df91b4cf84b72a93bf6513ce5569fa4aea5f648b539258c94
Cam1_2026-06-09_15-03-12_capt3798_3799.jpg,test,3798,4752,3168,2026-06-09T05:03:11.050000+00:00,-37.7977789017,144.9844946071,0.9008819774079692,0.98,0.0,True,False,C:\Users\61411\Documents\Codex\2026-05-24\i-am-developing-a-new-research\geotagged\cam1\Cam1_2026-06-09_15-03-12_capt3798_3799.jpg,C:\Users\61411\Documents\Codex\2026-05-24\i-am-developing-a-new-research\experiments\geotagged_cam1_complete_sbg_ins_metadata_v4_20260811\metadata\Cam1_2026-06-09_15-03-12_capt3798_3799.json,e8f5970e136873ee73ec78bb5d2d415ffd6693c9594fdc46f99bb07078613276,6d82929c012440d2bf51baeb5c11f3839250b0bc6d262c4e79ce9ef5440e5f0b
Cam1_2026-06-09_15-03-13_capt3807_3808.jpg,test,3807,4752,3168,2026-06-09T05:03:12.175000+00:00,-37.7978679314,144.9844794255,0.9008819774079692,0.98,0.0,True,False,C:\Users\61411\Documents\Codex\2026-05-24\i-am-developing-a-new-research\geotagged\cam1\Cam1_2026-06-09_15-03-13_capt3807_3808.jpg,C:\Users\61411\Documents\Codex\2026-05-24\i-am-developing-a-new-research\experiments\geotagged_cam1_complete_sbg_ins_metadata_v4_20260811\metadata\Cam1_2026-06-09_15-03-13_capt3807_3808.json,0c799cafb7f59a2fa93e74d8bfd282055416d1e1d87c505db23b99b052cc1d24,ff157be8f58cefffa21e4eb4a4f5aaec489c159aa96b4374484ef9a5819fd7bf
Cam1_2026-06-09_15-03-14_capt3816_3817.jpg,test,3816,4752,3168,2026-06-09T05:03:13.300000+00:00,-37.7979504806,144.9844650901,0.9007318429232891,0.98,0.0,True,False,C:\Users\61411\Documents\Codex\2026-05-24\i-am-developing-a-new-research\geotagged\cam1\Cam1_2026-06-09_15-03-14_capt3816_3817.jpg,C:\Users\61411\Documents\Codex\2026-05-24\i-am-developing-a-new-research\experiments\geotagged_cam1_complete_sbg_ins_metadata_v4_20260811\metadata\Cam1_2026-06-09_15-03-14_capt3816_3817.json,3ec679ab7e8774ac8db2d10070923a138d7a8fcfbc586686c7347af0105f1cfe,9e9b1564f423e88e7cb12aa331abe35b6103d2fbc8b9cf4b3ab0eafdce8c12fb
Cam1_2026-06-09_15-03-15_capt3824_3825.jpg,test,3824,4752,3168,2026-06-09T05:03:14.299000+00:00,-37.798014919,144.9844538585,0.7374675502191212,0.98,0.9999275207519531,True,False,C:\Users\61411\Documents\Codex\2026-05-24\i-am-developing-a-new-research\geotagged\cam1\Cam1_2026-06-09_15-03-15_capt3824_3825.jpg,C:\Users\61411\Documents\Codex\2026-05-24\i-am-developing-a-new-research\experiments\geotagged_cam1_complete_sbg_ins_metadata_v4_20260811\metadata\Cam1_2026-06-09_15-03-15_capt3824_3825.json,0bb0cb9679469928d355bce955870263cceb7545722be3bc11d809180ede6400,8a5bcf897f3453ac8e2db4be8a0c173c161176acaf2de2245607a053c9e39647
Cam1_2026-06-09_15-03-16_capt3833_3834.jpg,test,3833,4752,3168,2026-06-09T05:03:15.424000+00:00,-37.7980743982,144.9844443561,0.7374675502191212,0.98,0.9999275207519531,True,False,C:\Users\61411\Documents\Codex\2026-05-24\i-am-developing-a-new-research\geotagged\cam1\Cam1_2026-06-09_15-03-16_capt3833_3834.jpg,C:\Users\61411\Documents\Codex\2026-05-24\i-am-developing-a-new-research\experiments\geotagged_cam1_complete_sbg_ins_metadata_v4_20260811\metadata\Cam1_2026-06-09_15-03-16_capt3833_3834.json,f9ff25c2f9a90e657db9743c377d31de61ab51a80467efbd7f716c3453c8be02,c3dfe0971619b3525f2c08134cb7a73cc6e4bed5a6c1a5f90f1eb77f428a3888
Cam1_2026-06-09_15-03-17_capt3842_3843.jpg,test,3842,4752,3168,2026-06-09T05:03:16.549000+00:00,-37.7981224459,144.9844416577,0.7374675502191212,0.98,0.9999275207519531,True,False,C:\Users\61411\Documents\Codex\2026-05-24\i-am-developing-a-new-research\geotagged\cam1\Cam1_2026-06-09_15-03-17_capt3842_3843.jpg,C:\Users\61411\Documents\Codex\2026-05-24\i-am-developing-a-new-research\experiments\geotagged_cam1_complete_sbg_ins_metadata_v4_20260811\metadata\Cam1_2026-06-09_15-03-17_capt3842_3843.json,b7b177ea91c190744a3429154f6a8f8031e0771cc5211f264361cb82c243e6d5,392c8757a0228bae29f379bfd26b5e278afcee4e1f8fe609b48045ccfe271461
Cam1_2026-06-09_15-03-18_capt3850_3851.jpg,test,3850,4752,3168,2026-06-09T05:03:17.549000+00:00,-37.7981591583,144.9844489791,0.7374675502191212,0.98,0.9999275207519531,True,False,C:\Users\61411\Documents\Codex\2026-05-24\i-am-developing-a-new-research\geotagged\cam1\Cam1_2026-06-09_15-03-18_capt3850_3851.jpg,C:\Users\61411\Documents\Codex\2026-05-24\i-am-developing-a-new-research\experiments\geotagged_cam1_complete_sbg_ins_metadata_v4_20260811\metadata\Cam1_2026-06-09_15-03-18_capt3850_3851.json,bb1ae4319d6388af15a3cce50c18dd3fe068328d75b17d0ec2b45b64b67b1349,5447bb46c16bb5018f325ec665ffc358dfa4f3ce1b6f066549d12e35471fc431
Cam1_2026-06-09_15-03-19_capt3859_3860.jpg,test,3859,4752,3168,2026-06-09T05:03:18.674000+00:00,-37.7981918147,144.9844679918,0.7374675502191212,0.98,0.9999275207519531,True,False,C:\Users\61411\Documents\Codex\2026-05-24\i-am-developing-a-new-research\geotagged\cam1\Cam1_2026-06-09_15-03-19_capt3859_3860.jpg,C:\Users\61411\Documents\Codex\2026-05-24\i-am-developing-a-new-research\experiments\geotagged_cam1_complete_sbg_ins_metadata_v4_20260811\metadata\Cam1_2026-06-09_15-03-19_capt3859_3860.json,50225823dde74d2d0f2caab6ee7ab88a3a404e8a90aa632b30f6a64b33b04d9a,c43fb8d9807bd02da5a4ac0dd7bfdc70f299c89c542e58fb93cd9f96813d6b38
Cam1_2026-06-09_15-03-21_capt3868_3869.jpg,test,3868,4752,3168,2026-06-09T05:03:19.798000+00:00,-37.7982150796,144.9845005446,0.6037961152357194,0.98,1.9998550415039062,True,False,C:\Users\61411\Documents\Codex\2026-05-24\i-am-developing-a-new-research\geotagged\cam1\Cam1_2026-06-09_15-03-21_capt3868_3869.jpg,C:\Users\61411\Documents\Codex\2026-05-24\i-am-developing-a-new-research\experiments\geotagged_cam1_complete_sbg_ins_metadata_v4_20260811\metadata\Cam1_2026-06-09_15-03-21_capt3868_3869.json,547aebbe7f98859043a12f5e765e00bfefe6a060ed2a61136be2717369859e07,4f2ed49f9a39125fec325895cefb8ce8ab124e7f671fa5bb0a43a1e3fa59e19c
Cam1_2026-06-09_15-03-22_capt3876_3877.jpg,test,3876,4752,3168,2026-06-09T05:03:20.798000+00:00,-37.7982314807,144.9845443423,0.6037961152357194,0.98,1.9998550415039062,True,False,C:\Users\61411\Documents\Codex\2026-05-24\i-am-developing-a-new-research\geotagged\cam1\Cam1_2026-06-09_15-03-22_capt3876_3877.jpg,C:\Users\61411\Documents\Codex\2026-05-24\i-am-developing-a-new-research\experiments\geotagged_cam1_complete_sbg_ins_metadata_v4_20260811\metadata\Cam1_2026-06-09_15-03-22_capt3876_3877.json,30ac07d0e85465a837390b4451b1826c037a12d0167d7fa1b780892d937f40fc,fff5af81f78c629b189691d5d9b42d058f7fa19421ef5483e546bb716a0ee15d
Cam1_2026-06-09_15-03-23_capt3885_3886.jpg,test,3885,4752,3168,2026-06-09T05:03:21.923000+00:00,-37.7982463592,144.9846136229,0.6037961152357194,0.98,1.9998550415039062,True,False,C:\Users\61411\Documents\Codex\2026-05-24\i-am-developing-a-new-research\geotagged\cam1\Cam1_2026-06-09_15-03-23_capt3885_3886.jpg,C:\Users\61411\Documents\Codex\2026-05-24\i-am-developing-a-new-research\experiments\geotagged_cam1_complete_sbg_ins_metadata_v4_20260811\metadata\Cam1_2026-06-09_15-03-23_capt3885_3886.json,b9c6751f4388433bc66cdfb7db4a712de4707a78932a14e3953c7ebe6b0529da,53694bedc7c4272ef5840fd2dd3fab39eae99559443179035a096c222daa2624
Cam1_2026-06-09_15-03-24_capt3894_3895.jpg,test,3894,4752,3168,2026-06-09T05:03:23.048000+00:00,-37.7982598936,144.9847001726,0.603896756308115,0.98,1.9998550415039062,True,False,C:\Users\61411\Documents\Codex\2026-05-24\i-am-developing-a-new-research\geotagged\cam1\Cam1_2026-06-09_15-03-24_capt3894_3895.jpg,C:\Users\61411\Documents\Codex\2026-05-24\i-am-developing-a-new-research\experiments\geotagged_cam1_complete_sbg_ins_metadata_v4_20260811\metadata\Cam1_2026-06-09_15-03-24_capt3894_3895.json,7b8fa3e7db55c51ec70413a1a0c83d902df547b661d111aba86795b2b169c73a,f26bbe1104ea6a2615a9737059b1412345cd7de6376fa085075227e61d936ceb
Cam1_2026-06-09_15-03-25_capt3902_3903.jpg,test,3902,4752,3168,2026-06-09T05:03:24.048000+00:00,-37.7982721705,144.9847864295,0.603896756308115,0.98,1.9998550415039062,True,False,C:\Users\61411\Documents\Codex\2026-05-24\i-am-developing-a-new-research\geotagged\cam1\Cam1_2026-06-09_15-03-25_capt3902_3903.jpg,C:\Users\61411\Documents\Codex\2026-05-24\i-am-developing-a-new-research\experiments\geotagged_cam1_complete_sbg_ins_metadata_v4_20260811\metadata\Cam1_2026-06-09_15-03-25_capt3902_3903.json,51ad20b1ba0236fb25fd60d4313f5999d258df64e0d6802b5f0d15dfcf7da28e,27e9da4942187691f1371da65d95f787d1871a31e56d46ee1e51da30ceb6161f
Cam1_2026-06-09_15-03-26_capt3911_3912.jpg,test,3911,4752,3168,2026-06-09T05:03:25.173000+00:00,-37.7982841385,144.9848914129,0.603896756308115,0.98,1.9998550415039062,True,False,C:\Users\61411\Documents\Codex\2026-05-24\i-am-developing-a-new-research\geotagged\cam1\Cam1_2026-06-09_15-03-26_capt3911_3912.jpg,C:\Users\61411\Documents\Codex\2026-05-24\i-am-developing-a-new-research\experiments\geotagged_cam1_complete_sbg_ins_metadata_v4_20260811\metadata\Cam1_2026-06-09_15-03-26_capt3911_3912.json,5f3dc9724e4f14f2c26bbb84d633434c919b2518f5bad0849bb5ee7aeb4645c9,8b88835d8d957623f697b2291d51d4d8723944ba7b924e93dc36450f1413fe5e
Cam1_2026-06-09_15-03-27_capt3920_3921.jpg,test,3920,4752,3168,2026-06-09T05:03:26.298000+00:00,-37.7982942551,144.9850023207,0.603896756308115,0.98,1.9998550415039062,True,False,C:\Users\61411\Documents\Codex\2026-05-24\i-am-developing-a-new-research\geotagged\cam1\Cam1_2026-06-09_15-03-27_capt3920_3921.jpg,C:\Users\61411\Documents\Codex\2026-05-24\i-am-developing-a-new-research\experiments\geotagged_cam1_complete_sbg_ins_metadata_v4_20260811\metadata\Cam1_2026-06-09_15-03-27_capt3920_3921.json,f1b86cdc2b1260602dd3bdce8b33d24c2cd8d99ef93deb1f98669df653a28157,338a42a0c2a102d75bb17ea6bd1ce4e0002fa112d5b642815a52a64d226aa8b0
Cam1_2026-06-09_15-03-28_capt3928_3929.jpg,test,3928,4752,3168,2026-06-09T05:03:27.298000+00:00,-37.7983032837,144.9850989382,0.603896756308115,0.98,1.9998550415039062,True,False,C:\Users\61411\Documents\Codex\2026-05-24\i-am-developing-a-new-research\geotagged\cam1\Cam1_2026-06-09_15-03-28_capt3928_3929.jpg,C:\Users\61411\Documents\Codex\2026-05-24\i-am-developing-a-new-research\experiments\geotagged_cam1_complete_sbg_ins_metadata_v4_20260811\metadata\Cam1_2026-06-09_15-03-28_capt3928_3929.json,479cf2f3bb4831020840a517a270a07ed08f324d2da2d8347d209fc5f89d1534,c53e3b8705e6002d8809034a02b5fc30d5e747b11b03864dcd1853bddc2da308
Cam1_2026-06-09_15-03-29_capt3937_3938.jpg,test,3937,4752,3168,2026-06-09T05:03:28.422000+00:00,-37.7983134952,144.9852030522,0.603896756308115,0.98,-1.9998550415039062,True,False,C:\Users\61411\Documents\Codex\2026-05-24\i-am-developing-a-new-research\geotagged\cam1\Cam1_2026-06-09_15-03-29_capt3937_3938.jpg,C:\Users\61411\Documents\Codex\2026-05-24\i-am-developing-a-new-research\experiments\geotagged_cam1_complete_sbg_ins_metadata_v4_20260811\metadata\Cam1_2026-06-09_15-03-29_capt3937_3938.json,144bb586458856f681b0167dde3042571395d0b950b77129314d1cafeb2a9882,604d5f3cd487279602e685b9d2b6c2b2c39fd468aa6f2860fe250997ed495e3c
Cam1_2026-06-09_15-03-30_capt3946_3947.jpg,test,3946,4752,3168,2026-06-09T05:03:29.547000+00:00,-37.7983249305,144.9853039351,0.603896756308115,0.98,-1.9998550415039062,True,False,C:\Users\61411\Documents\Codex\2026-05-24\i-am-developing-a-new-research\geotagged\cam1\Cam1_2026-06-09_15-03-30_capt3946_3947.jpg,C:\Users\61411\Documents\Codex\2026-05-24\i-am-developing-a-new-research\experiments\geotagged_cam1_complete_sbg_ins_metadata_v4_20260811\metadata\Cam1_2026-06-09_15-03-30_capt3946_3947.json,deaef680200419da33dc60a8502e0f182f2b8bd42b501cdfd5d00c1e4ed2151f,beb449ed7dee6987cd6abc586fbde10758f1cf5139df1c44abd21ea2bef75430
Cam1_2026-06-09_15-03-31_capt3954_3955.jpg,test,3954,4752,3168,2026-06-09T05:03:30.547000+00:00,-37.798335111,144.9853921918,0.603896756308115,0.98,-1.9998550415039062,True,False,C:\Users\61411\Documents\Codex\2026-05-24\i-am-developing-a-new-research\geotagged\cam1\Cam1_2026-06-09_15-03-31_capt3954_3955.jpg,C:\Users\61411\Documents\Codex\2026-05-24\i-am-developing-a-new-research\experiments\geotagged_cam1_complete_sbg_ins_metadata_v4_20260811\metadata\Cam1_2026-06-09_15-03-31_capt3954_3955.json,bfb03bf91bc543fb9ad396e421495a6da4a06c2428a2a1dd37fe8c304d839d5b,1c9cd522ffd2e81d31f45b1e80e70b7023eeacdc99b3d4ec7402066968db4880
Cam1_2026-06-09_15-03-32_capt3963_3964.jpg,test,3963,4752,3168,2026-06-09T05:03:31.672000+00:00,-37.7983466379,144.9854896553,0.603896756308115,0.98,-1.9998550415039062,True,False,C:\Users\61411\Documents\Codex\2026-05-24\i-am-developing-a-new-research\geotagged\cam1\Cam1_2026-06-09_15-03-32_capt3963_3964.jpg,C:\Users\61411\Documents\Codex\2026-05-24\i-am-developing-a-new-research\experiments\geotagged_cam1_complete_sbg_ins_metadata_v4_20260811\metadata\Cam1_2026-06-09_15-03-32_capt3963_3964.json,927b0a31dd74c3f2c234f59f7109668dfaa83eefee03a023cd1982f0cdf442f9,422ff20a1030fd4d2b8eafb342d4f3f4ab43ffe96297acc8802f5a82081c8c4f
Cam1_2026-06-09_15-03-33_capt3972_3973.jpg,test,3972,4752,3168,2026-06-09T05:03:32.797000+00:00,-37.7983571479,144.9855800853,0.603896756308115,0.98,-1.9998550415039062,True,False,C:\Users\61411\Documents\Codex\2026-05-24\i-am-developing-a-new-research\geotagged\cam1\Cam1_2026-06-09_15-03-33_capt3972_3973.jpg,C:\Users\61411\Documents\Codex\2026-05-24\i-am-developing-a-new-research\experiments\geotagged_cam1_complete_sbg_ins_metadata_v4_20260811\metadata\Cam1_2026-06-09_15-03-33_capt3972_3973.json,4c65d182331b4001f86068c2244116c00152e5cba3a9d8c29035127b0649b8f3,7fec6a5d1bfb427c4dcdb4a58624a0806fc5edcd8e038ab3550249a310db21b4
Cam1_2026-06-09_15-03-35_capt3980_3981.jpg,test,3980,4752,3168,2026-06-09T05:03:33.796000+00:00,-37.7983645786,144.9856473664,0.737590471720665,0.98,-0.9999275207519531,True,False,C:\Users\61411\Documents\Codex\2026-05-24\i-am-developing-a-new-research\geotagged\cam1\Cam1_2026-06-09_15-03-35_capt3980_3981.jpg,C:\Users\61411\Documents\Codex\2026-05-24\i-am-developing-a-new-research\experiments\geotagged_cam1_complete_sbg_ins_metadata_v4_20260811\metadata\Cam1_2026-06-09_15-03-35_capt3980_3981.json,9008aa1925d7164ae9a6c676802e9d16207230317830afdaa90dd4ff28a0f2bb,35eaf1dfbebcb55245e72ffb98dad033e16cebd68e57e4d9c6e28261e8036e82
Cam1_2026-06-09_15-03-36_capt3989_3990.jpg,test,3989,4752,3168,2026-06-09T05:03:34.921000+00:00,-37.7983718063,144.9857136181,0.737590471720665,0.98,-0.9999275207519531,True,False,C:\Users\61411\Documents\Codex\2026-05-24\i-am-developing-a-new-research\geotagged\cam1\Cam1_2026-06-09_15-03-36_capt3989_3990.jpg,C:\Users\61411\Documents\Codex\2026-05-24\i-am-developing-a-new-research\experiments\geotagged_cam1_complete_sbg_ins_metadata_v4_20260811\metadata\Cam1_2026-06-09_15-03-36_capt3989_3990.json,35df5ceb033b7983be7792d28a1ee40ed64982e4eb61203b92b2851227718eb6,b86e665768a503b4f7c8c838102faa2c54685d5ee5053a84b39fec400d5b7f03
Cam1_2026-06-09_15-03-37_capt3998_3999.jpg,test,3998,4752,3168,2026-06-09T05:03:36.046000+00:00,-37.7983788394,144.9857821934,0.737590471720665,0.98,-0.9999275207519531,True,False,C:\Users\61411\Documents\Codex\2026-05-24\i-am-developing-a-new-research\geotagged\cam1\Cam1_2026-06-09_15-03-37_capt3998_3999.jpg,C:\Users\61411\Documents\Codex\2026-05-24\i-am-developing-a-new-research\experiments\geotagged_cam1_complete_sbg_ins_metadata_v4_20260811\metadata\Cam1_2026-06-09_15-03-37_capt3998_3999.json,e448960e80f7be1c08e65a09b0a7ce3881f3f909432f2f4363e5249b657492b0,5cfcdbe6dc12d50b60ecc74b14f0413ab32e096da9283701ef76121352b43c21
Cam1_2026-06-09_15-03-38_capt4006_4007.jpg,test,4006,4752,3168,2026-06-09T05:03:37.046000+00:00,-37.7983850848,144.9858467574,0.737590471720665,0.98,-0.9999275207519531,True,False,C:\Users\61411\Documents\Codex\2026-05-24\i-am-developing-a-new-research\geotagged\cam1\Cam1_2026-06-09_15-03-38_capt4006_4007.jpg,C:\Users\61411\Documents\Codex\2026-05-24\i-am-developing-a-new-research\experiments\geotagged_cam1_complete_sbg_ins_metadata_v4_20260811\metadata\Cam1_2026-06-09_15-03-38_capt4006_4007.json,1c9f933584ce70afef1b57bc4a0fdfceff54d559fc8cc2e084cedcec5529cf1c,5e543ea2d09262947256b40472574e1e09a27e528c077fe1888707235045049d
Cam1_2026-06-09_15-03-39_capt4015_4016.jpg,test,4015,4752,3168,2026-06-09T05:03:38.171000+00:00,-37.7983934039,144.9859300016,0.737590471720665,0.98,-0.9999275207519531,True,False,C:\Users\61411\Documents\Codex\2026-05-24\i-am-developing-a-new-research\geotagged\cam1\Cam1_2026-06-09_15-03-39_capt4015_4016.jpg,C:\Users\61411\Documents\Codex\2026-05-24\i-am-developing-a-new-research\experiments\geotagged_cam1_complete_sbg_ins_metadata_v4_20260811\metadata\Cam1_2026-06-09_15-03-39_capt4015_4016.json,3aa083699ea77f3d450ece47a3152831ca826c3b266e771c2256576cf99de02e,f6be39ead3692a1be19cb59fa45c64978bd3b537c7756a00dc9bd5d4d3e42d37
Cam1_2026-06-09_15-03-40_capt4024_4025.jpg,test,4024,4752,3168,2026-06-09T05:03:39.296000+00:00,-37.7984043903,144.9860277956,0.737590471720665,0.98,-0.9999275207519531,True,False,C:\Users\61411\Documents\Codex\2026-05-24\i-am-developing-a-new-research\geotagged\cam1\Cam1_2026-06-09_15-03-40_capt4024_4025.jpg,C:\Users\61411\Documents\Codex\2026-05-24\i-am-developing-a-new-research\experiments\geotagged_cam1_complete_sbg_ins_metadata_v4_20260811\metadata\Cam1_2026-06-09_15-03-40_capt4024_4025.json,aa95de8b0bb324c2f541a74579ab29e360e08dbc52c580b2141e1a8d79a9dd35,e1c92402347baab87cb6b6629521fe32c551283d5b04d235289a7d0b53f8b1ea
Cam1_2026-06-09_15-03-41_capt4032_4033.jpg,test,4032,4752,3168,2026-06-09T05:03:40.295000+00:00,-37.7984161821,144.9861255077,0.9008819774079692,0.98,0.0,True,False,C:\Users\61411\Documents\Codex\2026-05-24\i-am-developing-a-new-research\geotagged\cam1\Cam1_2026-06-09_15-03-41_capt4032_4033.jpg,C:\Users\61411\Documents\Codex\2026-05-24\i-am-developing-a-new-research\experiments\geotagged_cam1_complete_sbg_ins_metadata_v4_20260811\metadata\Cam1_2026-06-09_15-03-41_capt4032_4033.json,d69908e1da8a9a20790cb19485c439b48ba8cb51113283c915e3243398c7fe86,437cb692e8cacba0cfa037a7e5612fbb5230cbd9b1488aed62d358dbc6017c63
Cam1_2026-06-09_15-03-42_capt4041_4042.jpg,test,4041,4752,3168,2026-06-09T05:03:41.420000+00:00,-37.7984294017,144.9862374208,0.9008819774079692,0.98,0.0,True,False,C:\Users\61411\Documents\Codex\2026-05-24\i-am-developing-a-new-research\geotagged\cam1\Cam1_2026-06-09_15-03-42_capt4041_4042.jpg,C:\Users\61411\Documents\Codex\2026-05-24\i-am-developing-a-new-research\experiments\geotagged_cam1_complete_sbg_ins_metadata_v4_20260811\metadata\Cam1_2026-06-09_15-03-42_capt4041_4042.json,30bdda3257af24000ce60a7be8128dd4d0a5be7a61ef5a4bb3a76488405cc240,f2f835496a4af69354473e0a429120432dde89de6754aa1d3b4002f5fb717357
Cam1_2026-06-09_15-03-43_capt4050_4051.jpg,test,4050,4752,3168,2026-06-09T05:03:42.545000+00:00,-37.7984408837,144.9863411669,0.9008819774079692,0.98,0.0,True,False,C:\Users\61411\Documents\Codex\2026-05-24\i-am-developing-a-new-research\geotagged\cam1\Cam1_2026-06-09_15-03-43_capt4050_4051.jpg,C:\Users\61411\Documents\Codex\2026-05-24\i-am-developing-a-new-research\experiments\geotagged_cam1_complete_sbg_ins_metadata_v4_20260811\metadata\Cam1_2026-06-09_15-03-43_capt4050_4051.json,ed344131f01d44649a04ba641938f8198ada4a1e7b754b8f7cdac6548e25b3fe,4689267a765aeb293111a4117c10f316f9c6882c1daf85439648f1bc600660d3
Cam1_2026-06-09_15-03-44_capt4058_4059.jpg,test,4058,4752,3168,2026-06-09T05:03:43.545000+00:00,-37.7984486789,144.9864201749,0.9008819774079692,0.98,0.0,True,False,C:\Users\61411\Documents\Codex\2026-05-24\i-am-developing-a-new-research\geotagged\cam1\Cam1_2026-06-09_15-03-44_capt4058_4059.jpg,C:\Users\61411\Documents\Codex\2026-05-24\i-am-developing-a-new-research\experiments\geotagged_cam1_complete_sbg_ins_metadata_v4_20260811\metadata\Cam1_2026-06-09_15-03-44_capt4058_4059.json,e76a18a77ea35ac5e5b2925606227f009371f73f159c026278f51cdbec1e6431,07df27ad3dfa3b5b4190b2780cb6698c3824313ab941b1e3a01f607ac840ddc8
Cam1_2026-06-09_15-03-45_capt4067_4068.jpg,test,4067,4752,3168,2026-06-09T05:03:44.670000+00:00,-37.7984545235,144.9864887713,0.9008819774079692,0.98,0.0,True,False,C:\Users\61411\Documents\Codex\2026-05-24\i-am-developing-a-new-research\geotagged\cam1\Cam1_2026-06-09_15-03-45_capt4067_4068.jpg,C:\Users\61411\Documents\Codex\2026-05-24\i-am-developing-a-new-research\experiments\geotagged_cam1_complete_sbg_ins_metadata_v4_20260811\metadata\Cam1_2026-06-09_15-03-45_capt4067_4068.json,82da5d2c0d49844ce8b847b7643b6ed9f0f44bdbc6b2d98323d8984bec8eca88,d13372c222dd1afd9bc328d997cc8c01a2356f2fb0c7083e9cecec33c9b91e77
Cam1_2026-06-09_15-03-47_capt4076_4077.jpg,test,4076,4752,3168,2026-06-09T05:03:45.795000+00:00,-37.7984576194,144.9865320135,0.9008819774079692,0.98,0.0,True,False,C:\Users\61411\Documents\Codex\2026-05-24\i-am-developing-a-new-research\geotagged\cam1\Cam1_2026-06-09_15-03-47_capt4076_4077.jpg,C:\Users\61411\Documents\Codex\2026-05-24\i-am-developing-a-new-research\experiments\geotagged_cam1_complete_sbg_ins_metadata_v4_20260811\metadata\Cam1_2026-06-09_15-03-47_capt4076_4077.json,d12fd52c79371f2b5568181bc23f270994b36eed19724fe53e81f90e9fb13544,0ea85e9c6aad5272d10e76fa2e10f2dc26892b9d89ac9ba51f75bdf643a79b89
Cam1_2026-06-09_15-03-48_capt4084_4085.jpg,test,4084,4752,3168,2026-06-09T05:03:46.795000+00:00,-37.7984595963,144.9865595566,0.9008819774079692,0.98,0.0,True,False,C:\Users\61411\Documents\Codex\2026-05-24\i-am-developing-a-new-research\geotagged\cam1\Cam1_2026-06-09_15-03-48_capt4084_4085.jpg,C:\Users\61411\Documents\Codex\2026-05-24\i-am-developing-a-new-research\experiments\geotagged_cam1_complete_sbg_ins_metadata_v4_20260811\metadata\Cam1_2026-06-09_15-03-48_capt4084_4085.json,a88af156a2b79e36eb26c50fce493ba0f2bd62ce617fd5c8429e6398b5f52a4c,86c2e09cf14d636b2b575fdd99e31d8518cd6f8fb2ca7ef3eda295e13e0afbdf
Cam1_2026-06-09_15-03-49_capt4093_4094.jpg,test,4093,4752,3168,2026-06-09T05:03:47.919000+00:00,-37.79845916,144.9865953508,0.7374323858644201,0.98,1.0001659393310547,True,False,C:\Users\61411\Documents\Codex\2026-05-24\i-am-developing-a-new-research\geotagged\cam1\Cam1_2026-06-09_15-03-49_capt4093_4094.jpg,C:\Users\61411\Documents\Codex\2026-05-24\i-am-developing-a-new-research\experiments\geotagged_cam1_complete_sbg_ins_metadata_v4_20260811\metadata\Cam1_2026-06-09_15-03-49_capt4093_4094.json,19aad8cb84639e013133ddeda59ccc487a0b337297f64b7490fc4222f17e0000,a2b68740db8e84b17d9bd66bc0cf757ba3561103345dbc5183fd2587ed068df0
Cam1_2026-06-09_15-03-50_capt4102_4103.jpg,test,4102,4752,3168,2026-06-09T05:03:49.044000+00:00,-37.7984519492,144.9866344322,0.7373094907083235,0.98,1.0001659393310547,True,False,C:\Users\61411\Documents\Codex\2026-05-24\i-am-developing-a-new-research\geotagged\cam1\Cam1_2026-06-09_15-03-50_capt4102_4103.jpg,C:\Users\61411\Documents\Codex\2026-05-24\i-am-developing-a-new-research\experiments\geotagged_cam1_complete_sbg_ins_metadata_v4_20260811\metadata\Cam1_2026-06-09_15-03-50_capt4102_4103.json,f789681ffaf120cc9ffd183ee4edf76aa13a8ef02babe438fc377b3ce9e29e55,781ef071423f1e9a939e395e0ce60c443453f40270a870c743ee755b2b5ae23e
Cam1_2026-06-09_15-03-51_capt4110_4111.jpg,test,4110,4752,3168,2026-06-09T05:03:50.044000+00:00,-37.7984342412,144.9866705807,0.7373094907083235,0.98,1.0001659393310547,True,False,C:\Users\61411\Documents\Codex\2026-05-24\i-am-developing-a-new-research\geotagged\cam1\Cam1_2026-06-09_15-03-51_capt4110_4111.jpg,C:\Users\61411\Documents\Codex\2026-05-24\i-am-developing-a-new-research\experiments\geotagged_cam1_complete_sbg_ins_metadata_v4_20260811\metadata\Cam1_2026-06-09_15-03-51_capt4110_4111.json,089e792fe52ba4a1ddb625abf228a314823eef296a2f12b252edd3b6e0a98d05,168ec3f4fe2f0343a21be03e1dda49f9feb44f9926dc0afe82594773f3f637ff
Cam1_2026-06-09_15-03-52_capt4119_4120.jpg,test,4119,4752,3168,2026-06-09T05:03:51.169000+00:00,-37.7983923814,144.9867031985,0.7374323858644201,0.98,1.0001659393310547,True,False,C:\Users\61411\Documents\Codex\2026-05-24\i-am-developing-a-new-research\geotagged\cam1\Cam1_2026-06-09_15-03-52_capt4119_4120.jpg,C:\Users\61411\Documents\Codex\2026-05-24\i-am-developing-a-new-research\experiments\geotagged_cam1_complete_sbg_ins_metadata_v4_20260811\metadata\Cam1_2026-06-09_15-03-52_capt4119_4120.json,323a5e01f67698bb3e4098c3a1b4b53a8d1b90d648128ffec4d1edec18760de6,da56f00e0529fd64420a9868e147bc3e3775d60d6f9a30e0dc4655c83387ec45
Cam1_2026-06-09_15-03-53_capt4128_4129.jpg,test,4128,4752,3168,2026-06-09T05:03:52.293000+00:00,-37.798328007,144.9867242721,0.6038679609533425,0.98,2.000093460083008,True,False,C:\Users\61411\Documents\Codex\2026-05-24\i-am-developing-a-new-research\geotagged\cam1\Cam1_2026-06-09_15-03-53_capt4128_4129.jpg,C:\Users\61411\Documents\Codex\2026-05-24\i-am-developing-a-new-research\experiments\geotagged_cam1_complete_sbg_ins_metadata_v4_20260811\metadata\Cam1_2026-06-09_15-03-53_capt4128_4129.json,068382d22e9003c09ec8721b58b8ef5dda0358efff46df353d08e0e7e4c67b41,9cd3232aaf902423a540e5af98fbc6409cfd2ca842e7d8cb2531b90f51273aeb
Cam1_2026-06-09_15-03-54_capt4136_4137.jpg,test,4136,4752,3168,2026-06-09T05:03:53.293000+00:00,-37.7982558437,144.9867378846,0.6038679609533425,0.98,2.000093460083008,True,False,C:\Users\61411\Documents\Codex\2026-05-24\i-am-developing-a-new-research\geotagged\cam1\Cam1_2026-06-09_15-03-54_capt4136_4137.jpg,C:\Users\61411\Documents\Codex\2026-05-24\i-am-developing-a-new-research\experiments\geotagged_cam1_complete_sbg_ins_metadata_v4_20260811\metadata\Cam1_2026-06-09_15-03-54_capt4136_4137.json,4ee8e7712c5fbb2d1e99de56693160bd69d89366694ce42faf3e09c00a0cc12c,0e566807c32c9122f07753f0335ada84afb46fc9eb5c85fdf197739f381b79ee
Cam1_2026-06-09_15-03-55_capt4145_4146.jpg,test,4145,4752,3168,2026-06-09T05:03:54.418000+00:00,-37.7981678047,144.9867503557,0.6038679609533425,0.98,2.000093460083008,True,False,C:\Users\61411\Documents\Codex\2026-05-24\i-am-developing-a-new-research\geotagged\cam1\Cam1_2026-06-09_15-03-55_capt4145_4146.jpg,C:\Users\61411\Documents\Codex\2026-05-24\i-am-developing-a-new-research\experiments\geotagged_cam1_complete_sbg_ins_metadata_v4_20260811\metadata\Cam1_2026-06-09_15-03-55_capt4145_4146.json,577b92dd2ea26073912dbaa5b7b28def4a4c4c2075a5ec76a7900ada49aa6448,f88047cb8bca79ec234ee6b0cb921cdc58b12d43753f47dadba95b6d468b1d1c
Cam1_2026-06-09_15-03-56_capt4154_4155.jpg,test,4154,4752,3168,2026-06-09T05:03:55.543000+00:00,-37.7980823047,144.9867605247,0.6038679609533425,0.98,2.000093460083008,True,False,C:\Users\61411\Documents\Codex\2026-05-24\i-am-developing-a-new-research\geotagged\cam1\Cam1_2026-06-09_15-03-56_capt4154_4155.jpg,C:\Users\61411\Documents\Codex\2026-05-24\i-am-developing-a-new-research\experiments\geotagged_cam1_complete_sbg_ins_metadata_v4_20260811\metadata\Cam1_2026-06-09_15-03-56_capt4154_4155.json,4adbef7fdfca85daf85478830707b80733a8871073c448057244733f46f49c2d,95aaebef8d26de0eca8e6a6705ce79b723035d61e8f7f90914b61c69146cc2c9
Cam1_2026-06-09_15-03-57_capt4162_4163.jpg,test,4162,4752,3168,2026-06-09T05:03:56.543000+00:00,-37.7980164856,144.9867685949,0.6038679609533425,0.98,2.000093460083008,True,False,C:\Users\61411\Documents\Codex\2026-05-24\i-am-developing-a-new-research\geotagged\cam1\Cam1_2026-06-09_15-03-57_capt4162_4163.jpg,C:\Users\61411\Documents\Codex\2026-05-24\i-am-developing-a-new-research\experiments\geotagged_cam1_complete_sbg_ins_metadata_v4_20260811\metadata\Cam1_2026-06-09_15-03-57_capt4162_4163.json,600df775c1dd47367c3b25dc44903be70b44d97c731a6a528f3cca058bf5a054,b954a81561afa9c2c5f31950684020ad7e65406b29b4a00aaeeb5cfbeb324127
Cam1_2026-06-09_15-03-58_capt4171_4172.jpg,test,4171,4752,3168,2026-06-09T05:03:57.668000+00:00,-37.7979584639,144.9867760496,0.6038679609533425,0.98,2.000093460083008,True,False,C:\Users\61411\Documents\Codex\2026-05-24\i-am-developing-a-new-research\geotagged\cam1\Cam1_2026-06-09_15-03-58_capt4171_4172.jpg,C:\Users\61411\Documents\Codex\2026-05-24\i-am-developing-a-new-research\experiments\geotagged_cam1_complete_sbg_ins_metadata_v4_20260811\metadata\Cam1_2026-06-09_15-03-58_capt4171_4172.json,9615c4e7f03a2d05941bdc629a56f8a06b0bc9e71a01e59104e753accdb8ff8a,a3d4ef87c428ec9281e8da0969e1c614808386c3bb05b35734d94759aada3635
Cam1_2026-06-09_15-03-59_capt4180_4181.jpg,test,4180,4752,3168,2026-06-09T05:03:58.793000+00:00,-37.7979158947,144.9867814025,0.6038679609533425,0.98,2.000093460083008,True,False,C:\Users\61411\Documents\Codex\2026-05-24\i-am-developing-a-new-research\geotagged\cam1\Cam1_2026-06-09_15-03-59_capt4180_4181.jpg,C:\Users\61411\Documents\Codex\2026-05-24\i-am-developing-a-new-research\experiments\geotagged_cam1_complete_sbg_ins_metadata_v4_20260811\metadata\Cam1_2026-06-09_15-03-59_capt4180_4181.json,f1481186d1d6dac17e5b4e1d3a4006183183aed37f681ff3d03a1007cf7225a2,52213d8a8578f1074b3ad370ff2ce5984a1340dcc77bef120e677272e4a029b8
Cam1_2026-06-09_15-04-00_capt4188_4189.jpg,test,4188,4752,3168,2026-06-09T05:03:59.792000+00:00,-37.7978915643,144.9867843538,0.6038679609533425,0.98,-2.000093460083008,True,False,C:\Users\61411\Documents\Codex\2026-05-24\i-am-developing-a-new-research\geotagged\cam1\Cam1_2026-06-09_15-04-00_capt4188_4189.jpg,C:\Users\61411\Documents\Codex\2026-05-24\i-am-developing-a-new-research\experiments\geotagged_cam1_complete_sbg_ins_metadata_v4_20260811\metadata\Cam1_2026-06-09_15-04-00_capt4188_4189.json,565884da5470dc9a812657701f4484005f3e05739c153d50e41a088e5eb10bdc,b271f321c80778e5b153df2da28f790a86d28b3fe798eb254ac31f86e242b04f
Cam1_2026-06-09_14-55-38_capt0176_177.jpg,train,176,4752,3168,2026-06-09T04:55:37.396000+00:00,-37.7978032368,144.9869887057,0.737590471720665,0.98,-0.9999275207519531,True,False,C:\Users\61411\Documents\Codex\2026-05-24\i-am-developing-a-new-research\geotagged\cam1\Cam1_2026-06-09_14-55-38_capt0176_177.jpg,C:\Users\61411\Documents\Codex\2026-05-24\i-am-developing-a-new-research\experiments\geotagged_cam1_complete_sbg_ins_metadata_v4_20260811\metadata\Cam1_2026-06-09_14-55-38_capt0176_177.json,654267096cf0f1a1b7bfc759246fccfc08b989dde1b76659111b946265e0b7eb,7c56b2cdb005e218d3c687af393119d05a4849f4807d48ed8860ba82ba92ec0e
Cam1_2026-06-09_14-55-39_capt0185_186.jpg,train,185,4752,3168,2026-06-09T04:55:38.521000+00:00,-37.7978086576,144.9870382515,0.737590471720665,0.98,-0.9999275207519531,True,True,C:\Users\61411\Documents\Codex\2026-05-24\i-am-developing-a-new-research\geotagged\cam1\Cam1_2026-06-09_14-55-39_capt0185_186.jpg,C:\Users\61411\Documents\Codex\2026-05-24\i-am-developing-a-new-research\experiments\geotagged_cam1_complete_sbg_ins_metadata_v4_20260811\metadata\Cam1_2026-06-09_14-55-39_capt0185_186.json,deec9d7da9093462263f6c1d14cb9ba5f2648d18dbfa0ec39218da46b198ac53,d4ed312e75737e2e0e64e5691296fbe6d08b55e77701a6afde6d06574a2ea1c4
Cam1_2026-06-09_14-55-40_capt0195_196.jpg,train,195,4752,3168,2026-06-09T04:55:39.770000+00:00,-37.7978158861,144.987101452,0.9008819774079692,0.98,0.0,True,True,C:\Users\61411\Documents\Codex\2026-05-24\i-am-developing-a-new-research\geotagged\cam1\Cam1_2026-06-09_14-55-40_capt0195_196.jpg,C:\Users\61411\Documents\Codex\2026-05-24\i-am-developing-a-new-research\experiments\geotagged_cam1_complete_sbg_ins_metadata_v4_20260811\metadata\Cam1_2026-06-09_14-55-40_capt0195_196.json,c29c6830645f74a608e781bd979e66f8beee6992135a1da80196dd1404b24c4f,1355dd284cecaa4f80f12d5d676c4966d717828ff85b06bfb8c526356bdae3b9
Cam1_2026-06-09_14-55-42_capt0210_211.jpg,train,210,4752,3168,2026-06-09T04:55:41.645000+00:00,-37.7978281827,144.9872061713,0.9008819774079692,0.98,0.0,True,True,C:\Users\61411\Documents\Codex\2026-05-24\i-am-developing-a-new-research\geotagged\cam1\Cam1_2026-06-09_14-55-42_capt0210_211.jpg,C:\Users\61411\Documents\Codex\2026-05-24\i-am-developing-a-new-research\experiments\geotagged_cam1_complete_sbg_ins_metadata_v4_20260811\metadata\Cam1_2026-06-09_14-55-42_capt0210_211.json,86404b1cc5ba0fcdc76929eb1bd6441ce9dee15a005bc89f59208d96a88e38bd,c1485ed9d76d125954d315a8f8370fda7c2b09a44de8a9a0af63847f6f8257a9
Cam1_2026-06-09_14-55-44_capt0225_226.jpg,train,225,4752,3168,2026-06-09T04:55:43.520000+00:00,-37.7978393477,144.987307688,0.9008819774079692,0.98,0.0,True,True,C:\Users\61411\Documents\Codex\2026-05-24\i-am-developing-a-new-research\geotagged\cam1\Cam1_2026-06-09_14-55-44_capt0225_226.jpg,C:\Users\61411\Documents\Codex\2026-05-24\i-am-developing-a-new-research\experiments\geotagged_cam1_complete_sbg_ins_metadata_v4_20260811\metadata\Cam1_2026-06-09_14-55-44_capt0225_226.json,a581b9d0163cb51a7f858fe282e3c0d9f008575ec7d12b3cec16998a5c554297,5e12d862d653b1b7c1db097482e2a8ee76ae7643ee7d45b745360d9ef9c444ad
Cam1_2026-06-09_14-55-45_capt0230_231.jpg,train,230,4752,3168,2026-06-09T04:55:44.145000+00:00,-37.7978425807,144.9873382541,0.9008819774079692,0.98,0.0,True,True,C:\Users\61411\Documents\Codex\2026-05-24\i-am-developing-a-new-research\geotagged\cam1\Cam1_2026-06-09_14-55-45_capt0230_231.jpg,C:\Users\61411\Documents\Codex\2026-05-24\i-am-developing-a-new-research\experiments\geotagged_cam1_complete_sbg_ins_metadata_v4_20260811\metadata\Cam1_2026-06-09_14-55-45_capt0230_231.json,6b722357aa8a49f097289badbf935d59971a99a6e7d568b3ed9565bd4cf445b3,96ef2ab70f88b940de136a241c05fe88365b9824038105b872f5fb6e0ca52209
Cam1_2026-06-09_14-55-46_capt0243_244.jpg,train,243,4752,3168,2026-06-09T04:55:45.770000+00:00,-37.7978497459,144.9874047901,0.9008819774079692,0.98,0.0,True,False,C:\Users\61411\Documents\Codex\2026-05-24\i-am-developing-a-new-research\geotagged\cam1\Cam1_2026-06-09_14-55-46_capt0243_244.jpg,C:\Users\61411\Documents\Codex\2026-05-24\i-am-developing-a-new-research\experiments\geotagged_cam1_complete_sbg_ins_metadata_v4_20260811\metadata\Cam1_2026-06-09_14-55-46_capt0243_244.json,6d78bc4e30f78fa888f59ac2a6bcb6552deef6a86f8e716fbb8b1fc4f13ac781,c323adeaf8fd8d907baba02d83c22f0bc6abb347d227d8f1bb000befbbceb490
Cam1_2026-06-09_14-55-48_capt0256_257.jpg,train,256,4752,3168,2026-06-09T04:55:47.395000+00:00,-37.7978538114,144.9874431054,0.9008819774079692,0.98,0.0,True,False,C:\Users\61411\Documents\Codex\2026-05-24\i-am-developing-a-new-research\geotagged\cam1\Cam1_2026-06-09_14-55-48_capt0256_257.jpg,C:\Users\61411\Documents\Codex\2026-05-24\i-am-developing-a-new-research\experiments\geotagged_cam1_complete_sbg_ins_metadata_v4_20260811\metadata\Cam1_2026-06-09_14-55-48_capt0256_257.json,33f9c49dabe94b2f2ae6e7c81684123f57f5479f7bc65c71bdc5c42706b41e63,c6ade9ac100898948513666de298c602e41188cc8824b679e7e049328327f024
Cam1_2026-06-09_14-55-50_capt0269_270.jpg,train,269,4752,3168,2026-06-09T04:55:49.019000+00:00,-37.7978559116,144.9874643484,0.737590471720665,0.98,0.9999275207519531,True,False,C:\Users\61411\Documents\Codex\2026-05-24\i-am-developing-a-new-research\geotagged\cam1\Cam1_2026-06-09_14-55-50_capt0269_270.jpg,C:\Users\61411\Documents\Codex\2026-05-24\i-am-developing-a-new-research\experiments\geotagged_cam1_complete_sbg_ins_metadata_v4_20260811\metadata\Cam1_2026-06-09_14-55-50_capt0269_270.json,f5d3c063b8b0ad54481b1cd6d06e59b2afeb6b266221e067a901a5be794a72e9,ae95d36c0044ac6f1773cf6483e2c1e32735c180a1e9f5b6c50a4331be9c73fc
Cam1_2026-06-09_14-55-51_capt0282_283.jpg,train,282,4752,3168,2026-06-09T04:55:50.644000+00:00,-37.7978561917,144.9874666367,0.737590471720665,0.98,0.9999275207519531,True,False,C:\Users\61411\Documents\Codex\2026-05-24\i-am-developing-a-new-research\geotagged\cam1\Cam1_2026-06-09_14-55-51_capt0282_283.jpg,C:\Users\61411\Documents\Codex\2026-05-24\i-am-developing-a-new-research\experiments\geotagged_cam1_complete_sbg_ins_metadata_v4_20260811\metadata\Cam1_2026-06-09_14-55-51_capt0282_283.json,09fc9bac2ccb02f6c3a4858026cdcc5cc975fbb2727eea5f08452bc02fb9bbfb,880ee425a38b960582c6291ea0639fc7bfd73f4720a9fb038ccac433a75de037
Cam1_2026-06-09_14-55-54_capt0295_296.jpg,train,295,4752,3168,2026-06-09T04:55:53.247000+00:00,-37.7978563344,144.987468488,0.6039686140010224,0.98,-2.000093460083008,True,False,C:\Users\61411\Documents\Codex\2026-05-24\i-am-developing-a-new-research\geotagged\cam1\Cam1_2026-06-09_14-55-54_capt0295_296.jpg,C:\Users\61411\Documents\Codex\2026-05-24\i-am-developing-a-new-research\experiments\geotagged_cam1_complete_sbg_ins_metadata_v4_20260811\metadata\Cam1_2026-06-09_14-55-54_capt0295_296.json,0d44f85d52157fa804565b6ae1d8c33a824828bb77b7aaf42cb5546ea9038af1,5b70040d431c5af73bbae0fbb3dec69d3b78eb5ca108a879465e3a6c47c285ea
Cam1_2026-06-09_14-55-56_capt0308_309.jpg,train,308,4752,3168,2026-06-09T04:55:54.872000+00:00,-37.7978566047,144.9874699814,0.6038679609533425,0.98,-2.000093460083008,True,False,C:\Users\61411\Documents\Codex\2026-05-24\i-am-developing-a-new-research\geotagged\cam1\Cam1_2026-06-09_14-55-56_capt0308_309.jpg,C:\Users\61411\Documents\Codex\2026-05-24\i-am-developing-a-new-research\experiments\geotagged_cam1_complete_sbg_ins_metadata_v4_20260811\metadata\Cam1_2026-06-09_14-55-56_capt0308_309.json,abb2e03b1289513696a2c2b630fde1ca8612aab40f2dc9594c995a059ab152e7,538b1e5e1411f4bd0a9c23d6f928662d54e1dc9601e572bfdea72a8fd4c231f2
Cam1_2026-06-09_14-55-57_capt0321_322.jpg,train,321,4752,3168,2026-06-09T04:55:56.497000+00:00,-37.7978585502,144.9874896455,0.6038679609533425,0.98,-2.000093460083008,True,False,C:\Users\61411\Documents\Codex\2026-05-24\i-am-developing-a-new-research\geotagged\cam1\Cam1_2026-06-09_14-55-57_capt0321_322.jpg,C:\Users\61411\Documents\Codex\2026-05-24\i-am-developing-a-new-research\experiments\geotagged_cam1_complete_sbg_ins_metadata_v4_20260811\metadata\Cam1_2026-06-09_14-55-57_capt0321_322.json,81fe3a1121c845c8b4a775386682a705ddecc65b32a155a33bd47fbc5cbcbef0,5376a41a7bc65f7b79b8ca508ba81f9aa2fb9155b264ef3fede34cb91e130f8e
Cam1_2026-06-09_14-55-59_capt0335_336.jpg,train,335,4752,3168,2026-06-09T04:55:58.246000+00:00,-37.7978623862,144.9875263709,0.7375553015047497,0.98,-1.0001659393310547,True,True,C:\Users\61411\Documents\Codex\2026-05-24\i-am-developing-a-new-research\geotagged\cam1\Cam1_2026-06-09_14-55-59_capt0335_336.jpg,C:\Users\61411\Documents\Codex\2026-05-24\i-am-developing-a-new-research\experiments\geotagged_cam1_complete_sbg_ins_metadata_v4_20260811\metadata\Cam1_2026-06-09_14-55-59_capt0335_336.json,066a581c07f6c81a2c7b971958d738bfda6c878a420b6de3896bb01f34c931de,5f7ad7871d6315b762a76d76b7adcf9b3bf8e28efb24bb96529ff5854e039911
Cam1_2026-06-09_14-56-00_capt0347_348.jpg,train,347,4752,3168,2026-06-09T04:55:59.746000+00:00,-37.7978669997,144.9875715746,0.7375553015047497,0.98,-1.0001659393310547,True,False,C:\Users\61411\Documents\Codex\2026-05-24\i-am-developing-a-new-research\geotagged\cam1\Cam1_2026-06-09_14-56-00_capt0347_348.jpg,C:\Users\61411\Documents\Codex\2026-05-24\i-am-developing-a-new-research\experiments\geotagged_cam1_complete_sbg_ins_metadata_v4_20260811\metadata\Cam1_2026-06-09_14-56-00_capt0347_348.json,315e81fb464e6e674346d7ab96f8c05f3bd2fdbe886a9f41b4fe06b5fd762976,15193323fc2ceada9cbfd5a3260db4bad28e0f61afd24e50da16f3c1f497d2a8
Cam1_2026-06-09_14-56-02_capt0360_361.jpg,train,360,4752,3168,2026-06-09T04:56:01.371000+00:00,-37.7978721424,144.9876223636,0.7375553015047497,0.98,-1.0001659393310547,True,True,C:\Users\61411\Documents\Codex\2026-05-24\i-am-developing-a-new-research\geotagged\cam1\Cam1_2026-06-09_14-56-02_capt0360_361.jpg,C:\Users\61411\Documents\Codex\2026-05-24\i-am-developing-a-new-research\experiments\geotagged_cam1_complete_sbg_ins_metadata_v4_20260811\metadata\Cam1_2026-06-09_14-56-02_capt0360_361.json,8225dcaf9ce640d113956c3174b457f37c9086e320149cc01216fde1e23bac01,b63ae636e5ecac5817cea452f51ae4f486ee6b26df6ed549517f154b72efa82c
Cam1_2026-06-09_14-56-03_capt0370_371.jpg,train,370,4752,3168,2026-06-09T04:56:02.620000+00:00,-37.7978760342,144.9876612897,0.9008819774079692,0.98,0.0,True,False,C:\Users\61411\Documents\Codex\2026-05-24\i-am-developing-a-new-research\geotagged\cam1\Cam1_2026-06-09_14-56-03_capt0370_371.jpg,C:\Users\61411\Documents\Codex\2026-05-24\i-am-developing-a-new-research\experiments\geotagged_cam1_complete_sbg_ins_metadata_v4_20260811\metadata\Cam1_2026-06-09_14-56-03_capt0370_371.json,adc89a1e36bbb9245b3e27624c0cd94408bb044a2db7eb43c749b99b8bc90b81,82c7cad31f172876af22a64db5b3110d07a16ee3d20e6156843d3437520ae84d
Cam1_2026-06-09_14-56-05_capt0380_381.jpg,train,380,4752,3168,2026-06-09T04:56:03.870000+00:00,-37.7978801486,144.9877014024,0.9008819774079692,0.98,0.0,True,False,C:\Users\61411\Documents\Codex\2026-05-24\i-am-developing-a-new-research\geotagged\cam1\Cam1_2026-06-09_14-56-05_capt0380_381.jpg,C:\Users\61411\Documents\Codex\2026-05-24\i-am-developing-a-new-research\experiments\geotagged_cam1_complete_sbg_ins_metadata_v4_20260811\metadata\Cam1_2026-06-09_14-56-05_capt0380_381.json,169064d3c74815b38785917a7facc0225fe06f2e4ab29a90a5f1faf85acf7dbe,101dacba51eb039b70aa3d898ebdc58001cbb12cb5daa977fded64bb535a8898
Cam1_2026-06-09_14-56-06_capt0390_391.jpg,train,390,4752,3168,2026-06-09T04:56:05.120000+00:00,-37.7978860062,144.9877541938,0.9008819774079692,0.98,0.0,True,False,C:\Users\61411\Documents\Codex\2026-05-24\i-am-developing-a-new-research\geotagged\cam1\Cam1_2026-06-09_14-56-06_capt0390_391.jpg,C:\Users\61411\Documents\Codex\2026-05-24\i-am-developing-a-new-research\experiments\geotagged_cam1_complete_sbg_ins_metadata_v4_20260811\metadata\Cam1_2026-06-09_14-56-06_capt0390_391.json,83c5e0f4ecc3b8fcf80ac10f88fe3202d5bf74916c9d877e711c86a1106c6b02,7ebaa3b15cd0b674b39fb900f68a582fcb3674d93a9dd2b36a42081a5d03ba17
Cam1_2026-06-09_14-56-07_capt0400_401.jpg,train,400,4752,3168,2026-06-09T04:56:06.370000+00:00,-37.7978931273,144.9878210998,0.9008819774079692,0.98,0.0,True,False,C:\Users\61411\Documents\Codex\2026-05-24\i-am-developing-a-new-research\geotagged\cam1\Cam1_2026-06-09_14-56-07_capt0400_401.jpg,C:\Users\61411\Documents\Codex\2026-05-24\i-am-developing-a-new-research\experiments\geotagged_cam1_complete_sbg_ins_metadata_v4_20260811\metadata\Cam1_2026-06-09_14-56-07_capt0400_401.json,6438f845592205bca9b4467f581edd0907e781a27d6bb09e60fd759d676ba5cb,f67d8f59a8f991eb76670969d510b7a3c372f8882776c5baba7cae005403cd1f
Cam1_2026-06-09_14-56-08_capt0410_411.jpg,train,410,4752,3168,2026-06-09T04:56:07.620000+00:00,-37.7979010956,144.9879029753,0.9008819774079692,0.98,0.0,True,False,C:\Users\61411\Documents\Codex\2026-05-24\i-am-developing-a-new-research\geotagged\cam1\Cam1_2026-06-09_14-56-08_capt0410_411.jpg,C:\Users\61411\Documents\Codex\2026-05-24\i-am-developing-a-new-research\experiments\geotagged_cam1_complete_sbg_ins_metadata_v4_20260811\metadata\Cam1_2026-06-09_14-56-08_capt0410_411.json,b72ea0142f4ddeca8026f82f5c806f06f0272e3b6a1decff1f9f4cc619ed8671,d7aa8fc7edf253e8afcbc8e6e46545b28aed14dce3f4783f4ea6accecc10a537
Cam1_2026-06-09_14-56-10_capt0420_421.jpg,train,420,4752,3168,2026-06-09T04:56:08.870000+00:00,-37.7979105086,144.9879933582,0.9008819774079692,0.98,0.0,True,False,C:\Users\61411\Documents\Codex\2026-05-24\i-am-developing-a-new-research\geotagged\cam1\Cam1_2026-06-09_14-56-10_capt0420_421.jpg,C:\Users\61411\Documents\Codex\2026-05-24\i-am-developing-a-new-research\experiments\geotagged_cam1_complete_sbg_ins_metadata_v4_20260811\metadata\Cam1_2026-06-09_14-56-10_capt0420_421.json,fca1f58835cf15d73babf6289f4d11aba82c40b8cf701aded0288362d22343ee,325c72c1d6a291d7f0efc5e3df2d65c00e980061357cf5a1fe7587ffd002a0fe
Cam1_2026-06-09_14-56-11_capt0430_431.jpg,train,430,4752,3168,2026-06-09T04:56:10.119000+00:00,-37.7979199847,144.9880888616,0.737590471720665,0.98,0.9999275207519531,True,False,C:\Users\61411\Documents\Codex\2026-05-24\i-am-developing-a-new-research\geotagged\cam1\Cam1_2026-06-09_14-56-11_capt0430_431.jpg,C:\Users\61411\Documents\Codex\2026-05-24\i-am-developing-a-new-research\experiments\geotagged_cam1_complete_sbg_ins_metadata_v4_20260811\metadata\Cam1_2026-06-09_14-56-11_capt0430_431.json,94d616376326d4c7ec576894343893ed05a94248fc8ad04d08bbe5dcd4f74b0c,7ad4a5aa41cb387e010a0cc7e42f56379c237dbeb00802a8819a1f648d8ae940
Cam1_2026-06-09_14-56-12_capt0440_441.jpg,train,440,4752,3168,2026-06-09T04:56:11.369000+00:00,-37.7979295941,144.9881873632,0.737590471720665,0.98,0.9999275207519531,True,True,C:\Users\61411\Documents\Codex\2026-05-24\i-am-developing-a-new-research\geotagged\cam1\Cam1_2026-06-09_14-56-12_capt0440_441.jpg,C:\Users\61411\Documents\Codex\2026-05-24\i-am-developing-a-new-research\experiments\geotagged_cam1_complete_sbg_ins_metadata_v4_20260811\metadata\Cam1_2026-06-09_14-56-12_capt0440_441.json,17a042dfced7521123b28c86747f12fbb385e1d5011f22bb81376262131ee4f1,21837ea463784c6cc40ca737d9bed6912700fd24723375480a9e62d314aeed25
Cam1_2026-06-09_14-56-13_capt0445_446.jpg,train,445,4752,3168,2026-06-09T04:56:11.994000+00:00,-37.7979345863,144.9882379781,0.737590471720665,0.98,0.9999275207519531,True,True,C:\Users\61411\Documents\Codex\2026-05-24\i-am-developing-a-new-research\geotagged\cam1\Cam1_2026-06-09_14-56-13_capt0445_446.jpg,C:\Users\61411\Documents\Codex\2026-05-24\i-am-developing-a-new-research\experiments\geotagged_cam1_complete_sbg_ins_metadata_v4_20260811\metadata\Cam1_2026-06-09_14-56-13_capt0445_446.json,91c4b025fc50f39b1e0c5b291424d6cbde712e1c1f4374b2b2178d52ecc2be20,1c9e4a08ef86a8a7de22e97f789de2855ed39bf9b7f8bbd18cb5638a590a1e03
Cam1_2026-06-09_14-56-14_capt0455_456.jpg,train,455,4752,3168,2026-06-09T04:56:13.244000+00:00,-37.7979452426,144.9883399005,0.737590471720665,0.98,0.9999275207519531,True,False,C:\Users\61411\Documents\Codex\2026-05-24\i-am-developing-a-new-research\geotagged\cam1\Cam1_2026-06-09_14-56-14_capt0455_456.jpg,C:\Users\61411\Documents\Codex\2026-05-24\i-am-developing-a-new-research\experiments\geotagged_cam1_complete_sbg_ins_metadata_v4_20260811\metadata\Cam1_2026-06-09_14-56-14_capt0455_456.json,50a2f21fd8e99ebcc572eb343487d7f2649829f7ee5b0de18745d55284f66ec0,685ae6b290012ad5a123e25cd2e5d7c842f3c54b8772d3d74897dee5d98b2eaf
Cam1_2026-06-09_14-56-15_capt0465_466.jpg,train,465,4752,3168,2026-06-09T04:56:14.493000+00:00,-37.7979565044,144.9884434749,0.603896756308115,0.98,1.9998550415039062,True,True,C:\Users\61411\Documents\Codex\2026-05-24\i-am-developing-a-new-research\geotagged\cam1\Cam1_2026-06-09_14-56-15_capt0465_466.jpg,C:\Users\61411\Documents\Codex\2026-05-24\i-am-developing-a-new-research\experiments\geotagged_cam1_complete_sbg_ins_metadata_v4_20260811\metadata\Cam1_2026-06-09_14-56-15_capt0465_466.json,491ae0aef50a77d5f104a6bf8bda09a8b17ca57562cdfc6429cb7df30c06aed7,25d39760679dd25638e7b2bcf108e63796e19e972292f579b91dbf0d99d24a94
Cam1_2026-06-09_14-56-17_capt0480_481.jpg,train,480,4752,3168,2026-06-09T04:56:16.368000+00:00,-37.7979750551,144.9885951442,0.603896756308115,0.98,1.9998550415039062,True,True,C:\Users\61411\Documents\Codex\2026-05-24\i-am-developing-a-new-research\geotagged\cam1\Cam1_2026-06-09_14-56-17_capt0480_481.jpg,C:\Users\61411\Documents\Codex\2026-05-24\i-am-developing-a-new-research\experiments\geotagged_cam1_complete_sbg_ins_metadata_v4_20260811\metadata\Cam1_2026-06-09_14-56-17_capt0480_481.json,245cf472f87388227070fa25048ed02cb8c09e425f603fe846dd158837936019,9000d7fa036154f6908ce54f6ecf8f5a9140d250102129dc6bd381e82cffd7bc
Cam1_2026-06-09_14-56-18_capt0485_486.jpg,train,485,4752,3168,2026-06-09T04:56:16.993000+00:00,-37.7979811781,144.988643545,0.603896756308115,0.98,1.9998550415039062,True,True,C:\Users\61411\Documents\Codex\2026-05-24\i-am-developing-a-new-research\geotagged\cam1\Cam1_2026-06-09_14-56-18_capt0485_486.jpg,C:\Users\61411\Documents\Codex\2026-05-24\i-am-developing-a-new-research\experiments\geotagged_cam1_complete_sbg_ins_metadata_v4_20260811\metadata\Cam1_2026-06-09_14-56-18_capt0485_486.json,403885a92b47ea997d3da39e285e332c9769d1078029ef5c52b9965910ddce4b,21333b73413d3bb393e59a975c3fd815a07a00921d435553617002c956011af7
Cam1_2026-06-09_14-56-18_capt0490_491.jpg,train,490,4752,3168,2026-06-09T04:56:17.618000+00:00,-37.7979868996,144.9886911898,0.603896756308115,0.98,1.9998550415039062,True,True,C:\Users\61411\Documents\Codex\2026-05-24\i-am-developing-a-new-research\geotagged\cam1\Cam1_2026-06-09_14-56-18_capt0490_491.jpg,C:\Users\61411\Documents\Codex\2026-05-24\i-am-developing-a-new-research\experiments\geotagged_cam1_complete_sbg_ins_metadata_v4_20260811\metadata\Cam1_2026-06-09_14-56-18_capt0490_491.json,cec7057ff0d541ca8418522b641d468af0c2e1f77fe237c62f965eb6757915e8,5ac8a07d104b8bebde5a03d8392aab50f58112bb10e7a1e0771fd6018374998d
Cam1_2026-06-09_14-56-20_capt0500_501.jpg,train,500,4752,3168,2026-06-09T04:56:18.868000+00:00,-37.7979973283,144.988783171,0.603896756308115,0.98,1.9998550415039062,True,True,C:\Users\61411\Documents\Codex\2026-05-24\i-am-developing-a-new-research\geotagged\cam1\Cam1_2026-06-09_14-56-20_capt0500_501.jpg,C:\Users\61411\Documents\Codex\2026-05-24\i-am-developing-a-new-research\experiments\geotagged_cam1_complete_sbg_ins_metadata_v4_20260811\metadata\Cam1_2026-06-09_14-56-20_capt0500_501.json,5fe8b6d5247597ff3ef9e213105d3c4e59db79f0a7c98273d4e9afb26c02aab9,fbb1f97c9bdeac4383b8a7539300f6140f705aa3c023c17b0f83922f78dc6ebf
Cam1_2026-06-09_14-56-20_capt0505_506.jpg,train,505,4752,3168,2026-06-09T04:56:19.493000+00:00,-37.7980028202,144.9888277312,0.603896756308115,0.98,1.9998550415039062,True,True,C:\Users\61411\Documents\Codex\2026-05-24\i-am-developing-a-new-research\geotagged\cam1\Cam1_2026-06-09_14-56-20_capt0505_506.jpg,C:\Users\61411\Documents\Codex\2026-05-24\i-am-developing-a-new-research\experiments\geotagged_cam1_complete_sbg_ins_metadata_v4_20260811\metadata\Cam1_2026-06-09_14-56-20_capt0505_506.json,16f69d4c2972b87c86405d7d8ec9ed9aef4d1756b54a6f1c6353be005ac7edaa,36914e2b4c5c0c529a6ccf962e302e1879ebd4d8d3188650e93e634769580486
Cam1_2026-06-09_14-56-21_capt0510_511.jpg,train,510,4752,3168,2026-06-09T04:56:20.118000+00:00,-37.7980079471,144.9888712448,0.603896756308115,0.98,1.9998550415039062,True,True,C:\Users\61411\Documents\Codex\2026-05-24\i-am-developing-a-new-research\geotagged\cam1\Cam1_2026-06-09_14-56-21_capt0510_511.jpg,C:\Users\61411\Documents\Codex\2026-05-24\i-am-developing-a-new-research\experiments\geotagged_cam1_complete_sbg_ins_metadata_v4_20260811\metadata\Cam1_2026-06-09_14-56-21_capt0510_511.json,4b9f56ec9130a1d492accae1d685464494829337162ecbaf9e151f263b32a702,83fcfb8d3fac73fc38555a045751eff8f5c218d4a8d723fe1ad16d090442ad24
Cam1_2026-06-09_14-56-23_capt0525_526.jpg,train,525,4752,3168,2026-06-09T04:56:21.992000+00:00,-37.7980210181,144.9889970157,0.6038679609533425,0.98,-2.000093460083008,True,False,C:\Users\61411\Documents\Codex\2026-05-24\i-am-developing-a-new-research\geotagged\cam1\Cam1_2026-06-09_14-56-23_capt0525_526.jpg,C:\Users\61411\Documents\Codex\2026-05-24\i-am-developing-a-new-research\experiments\geotagged_cam1_complete_sbg_ins_metadata_v4_20260811\metadata\Cam1_2026-06-09_14-56-23_capt0525_526.json,c205a128366c4375f0a7696cda3474c3a297a3a3c289cf1c092d6fca2d19656a,5e153b0dd2edc219c645db3cd279261cd20453a320c84323a3e81f006c0db5fe
Cam1_2026-06-09_14-56-25_capt0540_541.jpg,train,540,4752,3168,2026-06-09T04:56:23.867000+00:00,-37.7980299548,144.9891055333,0.6038679609533425,0.98,-2.000093460083008,True,False,C:\Users\61411\Documents\Codex\2026-05-24\i-am-developing-a-new-research\geotagged\cam1\Cam1_2026-06-09_14-56-25_capt0540_541.jpg,C:\Users\61411\Documents\Codex\2026-05-24\i-am-developing-a-new-research\experiments\geotagged_cam1_complete_sbg_ins_metadata_v4_20260811\metadata\Cam1_2026-06-09_14-56-25_capt0540_541.json,03ba64c3807c745314b3fc7f3e4a63d47cd5a30df20742e9d9e29b431d054336,eb2eb4d9d0951a40eb93b0831c661d94d1f8b25e02d62bf57c1f9847ef26fd70
Cam1_2026-06-09_14-56-26_capt0555_556.jpg,train,555,4752,3168,2026-06-09T04:56:25.742000+00:00,-37.7980347479,144.9891702622,0.6038679609533425,0.98,-2.000093460083008,True,False,C:\Users\61411\Documents\Codex\2026-05-24\i-am-developing-a-new-research\geotagged\cam1\Cam1_2026-06-09_14-56-26_capt0555_556.jpg,C:\Users\61411\Documents\Codex\2026-05-24\i-am-developing-a-new-research\experiments\geotagged_cam1_complete_sbg_ins_metadata_v4_20260811\metadata\Cam1_2026-06-09_14-56-26_capt0555_556.json,49a2513a98c5f0fb87b768aee7c008f88998fd14118f9e052f9a3c0afde5603e,5d823700b255c2c959dddd0c08da4293d4468f57068b95be0cc4f280e10e98f7
Cam1_2026-06-09_14-56-28_capt0570_571.jpg,train,570,4752,3168,2026-06-09T04:56:27.616000+00:00,-37.7980379885,144.9892121489,0.7377134137108332,0.98,-0.9999275207519531,True,True,C:\Users\61411\Documents\Codex\2026-05-24\i-am-developing-a-new-research\geotagged\cam1\Cam1_2026-06-09_14-56-28_capt0570_571.jpg,C:\Users\61411\Documents\Codex\2026-05-24\i-am-developing-a-new-research\experiments\geotagged_cam1_complete_sbg_ins_metadata_v4_20260811\metadata\Cam1_2026-06-09_14-56-28_capt0570_571.json,0017a8246914e829692efa1219fa234f6cecf39d9f9612493c2f20947de81521,0f2a5411d9549d5c54c62914ff85ca036a70ae283d95b048289eb380d96def32
Cam1_2026-06-09_14-56-30_capt0585_586.jpg,train,585,4752,3168,2026-06-09T04:56:29.491000+00:00,-37.7980433838,144.9892860509,0.737590471720665,0.98,-0.9999275207519531,True,False,C:\Users\61411\Documents\Codex\2026-05-24\i-am-developing-a-new-research\geotagged\cam1\Cam1_2026-06-09_14-56-30_capt0585_586.jpg,C:\Users\61411\Documents\Codex\2026-05-24\i-am-developing-a-new-research\experiments\geotagged_cam1_complete_sbg_ins_metadata_v4_20260811\metadata\Cam1_2026-06-09_14-56-30_capt0585_586.json,fb005a9c003915a28dcacd11e66b99c9eb20a89946ac3abea2a1d85b7db133f1,01fad32d77df07573e3c565ba5ea5d4b8495c91b3e443daf515362600dc6bbe5
Cam1_2026-06-09_14-56-32_capt0600_601.jpg,train,600,4752,3168,2026-06-09T04:56:31.365000+00:00,-37.7980536371,144.9893759427,0.9008819774079692,0.98,0.0,True,True,C:\Users\61411\Documents\Codex\2026-05-24\i-am-developing-a-new-research\geotagged\cam1\Cam1_2026-06-09_14-56-32_capt0600_601.jpg,C:\Users\61411\Documents\Codex\2026-05-24\i-am-developing-a-new-research\experiments\geotagged_cam1_complete_sbg_ins_metadata_v4_20260811\metadata\Cam1_2026-06-09_14-56-32_capt0600_601.json,3ae631bbc0adbfabba454b15cf06d36cc3fbb3cd5afc61b1fd2d6cd5977cb5ef,49528fac0cdc9b883a7d7dab7455908728cb3441925362e9329dc1d05550b8b2
Cam1_2026-06-09_14-56-34_capt0612_613.jpg,train,612,4752,3168,2026-06-09T04:56:32.865000+00:00,-37.7980654614,144.9894702788,0.9008819774079692,0.98,0.0,True,False,C:\Users\61411\Documents\Codex\2026-05-24\i-am-developing-a-new-research\geotagged\cam1\Cam1_2026-06-09_14-56-34_capt0612_613.jpg,C:\Users\61411\Documents\Codex\2026-05-24\i-am-developing-a-new-research\experiments\geotagged_cam1_complete_sbg_ins_metadata_v4_20260811\metadata\Cam1_2026-06-09_14-56-34_capt0612_613.json,928c873cc1d57638186d023d479cfa719b8bbce9adecbb790454e5986a83e850,cd35278c765cc454005ad9a397e8941acd1a58d4cc37e9dddc66c81febb20c8e
Cam1_2026-06-09_14-56-35_capt0625_626.jpg,train,625,4752,3168,2026-06-09T04:56:34.490000+00:00,-37.7980798919,144.989594929,0.9008819774079692,0.98,0.0,True,False,C:\Users\61411\Documents\Codex\2026-05-24\i-am-developing-a-new-research\geotagged\cam1\Cam1_2026-06-09_14-56-35_capt0625_626.jpg,C:\Users\61411\Documents\Codex\2026-05-24\i-am-developing-a-new-research\experiments\geotagged_cam1_complete_sbg_ins_metadata_v4_20260811\metadata\Cam1_2026-06-09_14-56-35_capt0625_626.json,9edaba418fc1253f01b318f7f0aa3c6f3361dbe790c4c9822b14aff8e9c07953,319890be3aab6b48f979b5e94e5432fad0e24a9fd28e622099a5a4478e2fd50f
Cam1_2026-06-09_14-56-37_capt0638_639.jpg,train,638,4752,3168,2026-06-09T04:56:36.115000+00:00,-37.7980930315,144.9897348265,0.9008819774079692,0.98,0.0,True,False,C:\Users\61411\Documents\Codex\2026-05-24\i-am-developing-a-new-research\geotagged\cam1\Cam1_2026-06-09_14-56-37_capt0638_639.jpg,C:\Users\61411\Documents\Codex\2026-05-24\i-am-developing-a-new-research\experiments\geotagged_cam1_complete_sbg_ins_metadata_v4_20260811\metadata\Cam1_2026-06-09_14-56-37_capt0638_639.json,6768a81568aa6b87e667ee420311ba90a0b48b8cd3c07e5a8b21324856924266,800d0274f904771964e16d995ffc5f7e1dccf815ffebf2b532bd9d3165f2e111
Cam1_2026-06-09_14-56-38_capt0651_652.jpg,train,651,4752,3168,2026-06-09T04:56:37.740000+00:00,-37.7981064782,144.9898829924,0.9008819774079692,0.98,0.0,True,False,C:\Users\61411\Documents\Codex\2026-05-24\i-am-developing-a-new-research\geotagged\cam1\Cam1_2026-06-09_14-56-38_capt0651_652.jpg,C:\Users\61411\Documents\Codex\2026-05-24\i-am-developing-a-new-research\experiments\geotagged_cam1_complete_sbg_ins_metadata_v4_20260811\metadata\Cam1_2026-06-09_14-56-38_capt0651_652.json,ddefd2ccda6fd86dc82fcb36468d453ebcb9435a77e9f249329eccc9d516c597,6be068386c15659e01fd929af2f380ec0e507edf8d0a6f5177bacfa760335622
Cam1_2026-06-09_14-56-40_capt0663_664.jpg,train,663,4752,3168,2026-06-09T04:56:39.239000+00:00,-37.7981192452,144.9900151672,0.737590471720665,0.98,0.9999275207519531,True,False,C:\Users\61411\Documents\Codex\2026-05-24\i-am-developing-a-new-research\geotagged\cam1\Cam1_2026-06-09_14-56-40_capt0663_664.jpg,C:\Users\61411\Documents\Codex\2026-05-24\i-am-developing-a-new-research\experiments\geotagged_cam1_complete_sbg_ins_metadata_v4_20260811\metadata\Cam1_2026-06-09_14-56-40_capt0663_664.json,3bb06bd140e9e2cb4d4aef9da31dec48099c029f75c8ffc4f922b1c7dac9716a,3470e3876be064734a555cb807a1a22166e5e92171494dd37b91da46f411ee98
Cam1_2026-06-09_14-56-42_capt0676_677.jpg,train,676,4752,3168,2026-06-09T04:56:40.864000+00:00,-37.7981314054,144.9901432881,0.737590471720665,0.98,0.9999275207519531,True,False,C:\Users\61411\Documents\Codex\2026-05-24\i-am-developing-a-new-research\geotagged\cam1\Cam1_2026-06-09_14-56-42_capt0676_677.jpg,C:\Users\61411\Documents\Codex\2026-05-24\i-am-developing-a-new-research\experiments\geotagged_cam1_complete_sbg_ins_metadata_v4_20260811\metadata\Cam1_2026-06-09_14-56-42_capt0676_677.json,07769d607733e94eaee066b3283634ff32f3447b8d75b7da77a8a4b05057fbf6,5d67b54799ebce59dd340a6ad1bc307936512f2e3d0cf91f25ba5b1f3a424ef0
Cam1_2026-06-09_14-56-43_capt0689_690.jpg,train,689,4752,3168,2026-06-09T04:56:42.489000+00:00,-37.7981395128,144.9902331591,0.737590471720665,0.98,0.9999275207519531,True,False,C:\Users\61411\Documents\Codex\2026-05-24\i-am-developing-a-new-research\geotagged\cam1\Cam1_2026-06-09_14-56-43_capt0689_690.jpg,C:\Users\61411\Documents\Codex\2026-05-24\i-am-developing-a-new-research\experiments\geotagged_cam1_complete_sbg_ins_metadata_v4_20260811\metadata\Cam1_2026-06-09_14-56-43_capt0689_690.json,703031478019bbcbebacab48a1ff06ac552d9813365a3dbdfbb4adb723a41188,5fe1d1d36b38dac22037e383a7812f1fb01e7eea7ecc4df33c56a54dc31f3118
Cam1_2026-06-09_14-56-45_capt0702_703.jpg,train,702,4752,3168,2026-06-09T04:56:44.113000+00:00,-37.7981462016,144.9903045696,0.6038679609533425,0.98,2.000093460083008,True,False,C:\Users\61411\Documents\Codex\2026-05-24\i-am-developing-a-new-research\geotagged\cam1\Cam1_2026-06-09_14-56-45_capt0702_703.jpg,C:\Users\61411\Documents\Codex\2026-05-24\i-am-developing-a-new-research\experiments\geotagged_cam1_complete_sbg_ins_metadata_v4_20260811\metadata\Cam1_2026-06-09_14-56-45_capt0702_703.json,7af2142f45ee8e3da8838355dd25500a29165359111becf0d8d771d84675cf1f,95902d9058c93921256604b29d35478c539d6f8079f975508cda0d37b93cf693
Cam1_2026-06-09_14-56-46_capt0714_715.jpg,train,714,4752,3168,2026-06-09T04:56:45.613000+00:00,-37.7981535477,144.9903777862,0.6038679609533425,0.98,2.000093460083008,True,False,C:\Users\61411\Documents\Codex\2026-05-24\i-am-developing-a-new-research\geotagged\cam1\Cam1_2026-06-09_14-56-46_capt0714_715.jpg,C:\Users\61411\Documents\Codex\2026-05-24\i-am-developing-a-new-research\experiments\geotagged_cam1_complete_sbg_ins_metadata_v4_20260811\metadata\Cam1_2026-06-09_14-56-46_capt0714_715.json,0c34d825b72a9c52a3a190c27b4664a3320492d4b3b83bc90882c09439cc25e0,c61334040605ab497455dbfa58dec8a21fa7ec09128b12c5ce9cf3e46ba0e8d1
Cam1_2026-06-09_14-56-48_capt0727_728.jpg,train,727,4752,3168,2026-06-09T04:56:47.238000+00:00,-37.7981634366,144.9904734325,0.6038679609533425,0.98,2.000093460083008,True,False,C:\Users\61411\Documents\Codex\2026-05-24\i-am-developing-a-new-research\geotagged\cam1\Cam1_2026-06-09_14-56-48_capt0727_728.jpg,C:\Users\61411\Documents\Codex\2026-05-24\i-am-developing-a-new-research\experiments\geotagged_cam1_complete_sbg_ins_metadata_v4_20260811\metadata\Cam1_2026-06-09_14-56-48_capt0727_728.json,a25527313d8b907b82dfb0798761ae28a8099626cdfb0ee45a8fb6b058745271,fd8abe82564f6da1fe00bce60d862919c16eecbc198c876524d046bdc978abe3
Cam1_2026-06-09_14-56-50_capt0740_741.jpg,train,740,4752,3168,2026-06-09T04:56:48.863000+00:00,-37.798174479,144.9905844776,0.6038679609533425,0.98,2.000093460083008,True,False,C:\Users\61411\Documents\Codex\2026-05-24\i-am-developing-a-new-research\geotagged\cam1\Cam1_2026-06-09_14-56-50_capt0740_741.jpg,C:\Users\61411\Documents\Codex\2026-05-24\i-am-developing-a-new-research\experiments\geotagged_cam1_complete_sbg_ins_metadata_v4_20260811\metadata\Cam1_2026-06-09_14-56-50_capt0740_741.json,99f78dfdfb6552da6e17e8cbfb4155e14aa37f7a67383532299c4573986fe1fc,f160122a9a77c1479e6469cf5b9e77fba6e2892b7a12a6501aae6842c6749c13
Cam1_2026-06-09_14-56-51_capt0753_754.jpg,train,753,4752,3168,2026-06-09T04:56:50.487000+00:00,-37.7981864232,144.99070639,0.6038679609533425,0.98,-2.000093460083008,True,False,C:\Users\61411\Documents\Codex\2026-05-24\i-am-developing-a-new-research\geotagged\cam1\Cam1_2026-06-09_14-56-51_capt0753_754.jpg,C:\Users\61411\Documents\Codex\2026-05-24\i-am-developing-a-new-research\experiments\geotagged_cam1_complete_sbg_ins_metadata_v4_20260811\metadata\Cam1_2026-06-09_14-56-51_capt0753_754.json,1b73c88c3dc8b11188f168238bb5b2270c111ce03bea33c73f14ba8c13aae7ba,a38fab751dc35f824d5cb7fc2002df742f3748166e34f34176322785ea2d8024
Cam1_2026-06-09_14-56-53_capt0766_767.jpg,train,766,4752,3168,2026-06-09T04:56:52.112000+00:00,-37.7981987785,144.9908349208,0.6038679609533425,0.98,-2.000093460083008,True,False,C:\Users\61411\Documents\Codex\2026-05-24\i-am-developing-a-new-research\geotagged\cam1\Cam1_2026-06-09_14-56-53_capt0766_767.jpg,C:\Users\61411\Documents\Codex\2026-05-24\i-am-developing-a-new-research\experiments\geotagged_cam1_complete_sbg_ins_metadata_v4_20260811\metadata\Cam1_2026-06-09_14-56-53_capt0766_767.json,179321bde5555b4a38538d420d49d199773e112f1479822ed03f6e804b51d9a6,ea00b9dfa8c632eafcc4644735500dc8af7f5b8d5f632ec153321abdeb86e579
Cam1_2026-06-09_14-56-54_capt0779_780.jpg,train,779,4752,3168,2026-06-09T04:56:53.737000+00:00,-37.7982117182,144.9909679736,0.6038679609533425,0.98,-2.000093460083008,True,False,C:\Users\61411\Documents\Codex\2026-05-24\i-am-developing-a-new-research\geotagged\cam1\Cam1_2026-06-09_14-56-54_capt0779_780.jpg,C:\Users\61411\Documents\Codex\2026-05-24\i-am-developing-a-new-research\experiments\geotagged_cam1_complete_sbg_ins_metadata_v4_20260811\metadata\Cam1_2026-06-09_14-56-54_capt0779_780.json,9e097beeb16bd95c5bf8e18da1a96a2d0dd5cfa7753ca2efa7729b50322b2efa,e99a8f614e54f968f612f725dccdb83d8b13bf8af230e32a4f6cc4ddb67f40fc
Cam1_2026-06-09_14-56-56_capt0792_793.jpg,train,792,4752,3168,2026-06-09T04:56:55.361000+00:00,-37.7982250724,144.9911012038,0.7375553015047497,0.98,-1.0001659393310547,True,False,C:\Users\61411\Documents\Codex\2026-05-24\i-am-developing-a-new-research\geotagged\cam1\Cam1_2026-06-09_14-56-56_capt0792_793.jpg,C:\Users\61411\Documents\Codex\2026-05-24\i-am-developing-a-new-research\experiments\geotagged_cam1_complete_sbg_ins_metadata_v4_20260811\metadata\Cam1_2026-06-09_14-56-56_capt0792_793.json,58df0d3aeea685c989779a32719a86698db6fc2819602785638cd721d9349ed1,1569444ac28e318a53d4d683d37a3505944ba40569c69580d781165f77a9a0cd
Cam1_2026-06-09_14-56-58_capt0805_806.jpg,train,805,4752,3168,2026-06-09T04:56:56.986000+00:00,-37.7982384374,144.9912317819,0.7375553015047497,0.98,-1.0001659393310547,True,False,C:\Users\61411\Documents\Codex\2026-05-24\i-am-developing-a-new-research\geotagged\cam1\Cam1_2026-06-09_14-56-58_capt0805_806.jpg,C:\Users\61411\Documents\Codex\2026-05-24\i-am-developing-a-new-research\experiments\geotagged_cam1_complete_sbg_ins_metadata_v4_20260811\metadata\Cam1_2026-06-09_14-56-58_capt0805_806.json,9a0df7d6a22e0e516d6d248545538394a94ebfd247c21530b62814c3af61ad6e,d1418815410db4e8b6516c7fa3742615551d6c950b8ac5fd18bc4a236ffac568
Cam1_2026-06-09_14-56-59_capt0817_818.jpg,train,817,4752,3168,2026-06-09T04:56:58.486000+00:00,-37.7982513229,144.9913500313,0.7375553015047497,0.98,-1.0001659393310547,True,False,C:\Users\61411\Documents\Codex\2026-05-24\i-am-developing-a-new-research\geotagged\cam1\Cam1_2026-06-09_14-56-59_capt0817_818.jpg,C:\Users\61411\Documents\Codex\2026-05-24\i-am-developing-a-new-research\experiments\geotagged_cam1_complete_sbg_ins_metadata_v4_20260811\metadata\Cam1_2026-06-09_14-56-59_capt0817_818.json,9f51a47107f0143d96f0d92a3e945b6426631f42be5dbea33a2b568e6e29fe92,4458ed145d0dfe13270ede6c54c70a203cb95062f05a270a74f4c581465c4194
Cam1_2026-06-09_14-57-01_capt0830_831.jpg,train,830,4752,3168,2026-06-09T04:57:00.111000+00:00,-37.7982634216,144.9914708064,0.7375553015047497,0.98,-1.0001659393310547,True,False,C:\Users\61411\Documents\Codex\2026-05-24\i-am-developing-a-new-research\geotagged\cam1\Cam1_2026-06-09_14-57-01_capt0830_831.jpg,C:\Users\61411\Documents\Codex\2026-05-24\i-am-developing-a-new-research\experiments\geotagged_cam1_complete_sbg_ins_metadata_v4_20260811\metadata\Cam1_2026-06-09_14-57-01_capt0830_831.json,cf6c1917550b0d1fbdc2c6dc8f85d4b90a3accd71e012af635da1281ea55f199,1e80863468d42580156a8bab0d1c1bc022cee0568b9655d2d15aaf957d992ec7
Cam1_2026-06-09_14-57-02_capt0843_844.jpg,train,843,4752,3168,2026-06-09T04:57:01.735000+00:00,-37.7982748974,144.9915851922,0.9008819774079692,0.98,0.0,True,False,C:\Users\61411\Documents\Codex\2026-05-24\i-am-developing-a-new-research\geotagged\cam1\Cam1_2026-06-09_14-57-02_capt0843_844.jpg,C:\Users\61411\Documents\Codex\2026-05-24\i-am-developing-a-new-research\experiments\geotagged_cam1_complete_sbg_ins_metadata_v4_20260811\metadata\Cam1_2026-06-09_14-57-02_capt0843_844.json,58dc4eb4b7892377b175c1626f763fb1a74eaf71e1b289b3c004e93b045e0271,f8ce8e365b1a33085d6ca9f53a20662bf960d9cbd8ffe5058e35f619e0400a9a
Cam1_2026-06-09_14-57-04_capt0856_857.jpg,train,856,4752,3168,2026-06-09T04:57:03.360000+00:00,-37.7982845507,144.9916919519,0.9008819774079692,0.98,0.0,True,False,C:\Users\61411\Documents\Codex\2026-05-24\i-am-developing-a-new-research\geotagged\cam1\Cam1_2026-06-09_14-57-04_capt0856_857.jpg,C:\Users\61411\Documents\Codex\2026-05-24\i-am-developing-a-new-research\experiments\geotagged_cam1_complete_sbg_ins_metadata_v4_20260811\metadata\Cam1_2026-06-09_14-57-04_capt0856_857.json,5bc66c6687b7de05b7fd6c6cfc38a3191f12336be23e5bdf13df875d6698c0aa,b421e49a921e65e7b23ac78b47693d8c09c0cb1f4bd52c656c53e515e7c066ca
Cam1_2026-06-09_14-57-06_capt0868_869.jpg,train,868,4752,3168,2026-06-09T04:57:04.860000+00:00,-37.798290655,144.9917626855,0.9008819774079692,0.98,0.0,True,False,C:\Users\61411\Documents\Codex\2026-05-24\i-am-developing-a-new-research\geotagged\cam1\Cam1_2026-06-09_14-57-06_capt0868_869.jpg,C:\Users\61411\Documents\Codex\2026-05-24\i-am-developing-a-new-research\experiments\geotagged_cam1_complete_sbg_ins_metadata_v4_20260811\metadata\Cam1_2026-06-09_14-57-06_capt0868_869.json,218136296dec385ba044268b87d1461b842cc6105b2ef73f079e6d145cd70df3,3658dd54bc7c3ee7739688dc5551f9f738bcd3eacc3ee9cca2240b33548baa10
Cam1_2026-06-09_14-57-07_capt0881_882.jpg,train,881,4752,3168,2026-06-09T04:57:06.485000+00:00,-37.7982964464,144.9918335164,0.9008819774079692,0.98,0.0,True,False,C:\Users\61411\Documents\Codex\2026-05-24\i-am-developing-a-new-research\geotagged\cam1\Cam1_2026-06-09_14-57-07_capt0881_882.jpg,C:\Users\61411\Documents\Codex\2026-05-24\i-am-developing-a-new-research\experiments\geotagged_cam1_complete_sbg_ins_metadata_v4_20260811\metadata\Cam1_2026-06-09_14-57-07_capt0881_882.json,b84db1eedabaeec24296db4a7ebaae005fe4d13556cb11275d623ab62fb7a776,895591d5d3b3f862a7635f71afe9daf70c72ba331b86eddb1f5814736fa9aa9f
Cam1_2026-06-09_14-57-09_capt0894_895.jpg,train,894,4752,3168,2026-06-09T04:57:08.110000+00:00,-37.7983043395,144.9919180545,0.9008819774079692,0.98,0.0,True,False,C:\Users\61411\Documents\Codex\2026-05-24\i-am-developing-a-new-research\geotagged\cam1\Cam1_2026-06-09_14-57-09_capt0894_895.jpg,C:\Users\61411\Documents\Codex\2026-05-24\i-am-developing-a-new-research\experiments\geotagged_cam1_complete_sbg_ins_metadata_v4_20260811\metadata\Cam1_2026-06-09_14-57-09_capt0894_895.json,6dbb39336f9d5f7721a3f68189923e9039bba704f4b51c9437c264118fa3c4c4,f331a32d69d32831a3c6056928af0680b5466a8745a76e33c64168756e6bbd87
Cam1_2026-06-09_14-57-10_capt0907_908.jpg,train,907,4752,3168,2026-06-09T04:57:09.735000+00:00,-37.7983134302,144.9920141399,0.9008819774079692,0.98,0.0,True,False,C:\Users\61411\Documents\Codex\2026-05-24\i-am-developing-a-new-research\geotagged\cam1\Cam1_2026-06-09_14-57-10_capt0907_908.jpg,C:\Users\61411\Documents\Codex\2026-05-24\i-am-developing-a-new-research\experiments\geotagged_cam1_complete_sbg_ins_metadata_v4_20260811\metadata\Cam1_2026-06-09_14-57-10_capt0907_908.json,68c6e0b25c85755bee9e2c2a29ba6e51148a856eecb6f136e13c98cd00961dce,98e25eb5faa3b1b08e220d0ac4c4e151fbb7808ae9c1c3f16a3c1b7c5fbeec56
Cam1_2026-06-09_14-57-12_capt0919_920.jpg,train,919,4752,3168,2026-06-09T04:57:11.234000+00:00,-37.7983167472,144.9920953936,0.737590471720665,0.98,0.9999275207519531,True,False,C:\Users\61411\Documents\Codex\2026-05-24\i-am-developing-a-new-research\geotagged\cam1\Cam1_2026-06-09_14-57-12_capt0919_920.jpg,C:\Users\61411\Documents\Codex\2026-05-24\i-am-developing-a-new-research\experiments\geotagged_cam1_complete_sbg_ins_metadata_v4_20260811\metadata\Cam1_2026-06-09_14-57-12_capt0919_920.json,f7cca3fe2495a0976a32b626ab95f467899da2bdfa63793017ed81a649280f83,bef09c59d5bc3a65e782504fadd4c0d6dcb5792f7f7bb7e788051e42b50d3db1
Cam1_2026-06-09_14-57-14_capt0932_933.jpg,train,932,4752,3168,2026-06-09T04:57:12.858000+00:00,-37.7983105902,144.9921582835,0.603896756308115,0.98,1.9998550415039062,True,False,C:\Users\61411\Documents\Codex\2026-05-24\i-am-developing-a-new-research\geotagged\cam1\Cam1_2026-06-09_14-57-14_capt0932_933.jpg,C:\Users\61411\Documents\Codex\2026-05-24\i-am-developing-a-new-research\experiments\geotagged_cam1_complete_sbg_ins_metadata_v4_20260811\metadata\Cam1_2026-06-09_14-57-14_capt0932_933.json,615edd1a48537bf3894d4a471d385241195184634216a8a9a31fe5f99f8e3876,4303172d7176e2f9d1eeec45b42b464856d88b41adb0b0ca3d13dceca19b31c2
Cam1_2026-06-09_14-57-15_capt0945_946.jpg,train,945,4752,3168,2026-06-09T04:57:14.483000+00:00,-37.7983072612,144.9921865858,0.6037961152357194,0.98,1.9998550415039062,True,False,C:\Users\61411\Documents\Codex\2026-05-24\i-am-developing-a-new-research\geotagged\cam1\Cam1_2026-06-09_14-57-15_capt0945_946.jpg,C:\Users\61411\Documents\Codex\2026-05-24\i-am-developing-a-new-research\experiments\geotagged_cam1_complete_sbg_ins_metadata_v4_20260811\metadata\Cam1_2026-06-09_14-57-15_capt0945_946.json,46400cd935ae14f54f0e072145621d296daebbb79cc0dcb3b701f8bfc90a3e36,8e69a3ef5e15fd90b85545115e7b43188afac02796c870964571022bc5cb1ff7
Cam1_2026-06-09_14-57-17_capt0958_959.jpg,train,958,4752,3168,2026-06-09T04:57:16.108000+00:00,-37.7983155954,144.9922187713,0.6037961152357194,0.98,1.9998550415039062,True,False,C:\Users\61411\Documents\Codex\2026-05-24\i-am-developing-a-new-research\geotagged\cam1\Cam1_2026-06-09_14-57-17_capt0958_959.jpg,C:\Users\61411\Documents\Codex\2026-05-24\i-am-developing-a-new-research\experiments\geotagged_cam1_complete_sbg_ins_metadata_v4_20260811\metadata\Cam1_2026-06-09_14-57-17_capt0958_959.json,0166c3acbdddbac72f6fd7ad3cd1c886e9de4e0e299618c6b5db3a00e91aa832,44cbd70d4de051daadbdd0c0551d793d45f4a730ec91388ef70f844776d0ee1a
Cam1_2026-06-09_14-57-18_capt0971_972.jpg,train,971,4752,3168,2026-06-09T04:57:17.733000+00:00,-37.7983369902,144.9922332297,0.603896756308115,0.98,1.9998550415039062,True,False,C:\Users\61411\Documents\Codex\2026-05-24\i-am-developing-a-new-research\geotagged\cam1\Cam1_2026-06-09_14-57-18_capt0971_972.jpg,C:\Users\61411\Documents\Codex\2026-05-24\i-am-developing-a-new-research\experiments\geotagged_cam1_complete_sbg_ins_metadata_v4_20260811\metadata\Cam1_2026-06-09_14-57-18_capt0971_972.json,e5e8cc53321a96bc9b349636da4587bf183aba9575c8fe45ffd7d7b518c62978,baa827c7a5c755c7224c3eb7ec11317d53e8f57ce9f761aafc332fcd73628e8d
Cam1_2026-06-09_14-57-20_capt0984_985.jpg,train,984,4752,3168,2026-06-09T04:57:19.357000+00:00,-37.7983422004,144.9922346103,0.6038679609533425,0.98,-2.000093460083008,True,False,C:\Users\61411\Documents\Codex\2026-05-24\i-am-developing-a-new-research\geotagged\cam1\Cam1_2026-06-09_14-57-20_capt0984_985.jpg,C:\Users\61411\Documents\Codex\2026-05-24\i-am-developing-a-new-research\experiments\geotagged_cam1_complete_sbg_ins_metadata_v4_20260811\metadata\Cam1_2026-06-09_14-57-20_capt0984_985.json,6abadfda01ce225ccf442a7637a7d583abfd842f82b65accc8ec12e6611775cb,6552ddfbb2bc5544ad6a5cabd53408fc323fbb206393e0f80793d161771fb665
Cam1_2026-06-09_14-57-22_capt0997_998.jpg,train,997,4752,3168,2026-06-09T04:57:20.982000+00:00,-37.7983373619,144.992235657,0.6038679609533425,0.98,-2.000093460083008,True,False,C:\Users\61411\Documents\Codex\2026-05-24\i-am-developing-a-new-research\geotagged\cam1\Cam1_2026-06-09_14-57-22_capt0997_998.jpg,C:\Users\61411\Documents\Codex\2026-05-24\i-am-developing-a-new-research\experiments\geotagged_cam1_complete_sbg_ins_metadata_v4_20260811\metadata\Cam1_2026-06-09_14-57-22_capt0997_998.json,53b1bf5f56bec2067985b1bf8a8c51fc431b3d79968026b992bd0d70f0ce3bee,2a76c727fa34ed280d1b592fbda083c1ac35338bb91e30ad2f5671fdc1a79fc3
Cam1_2026-06-09_14-57-23_capt1010_1011.jpg,train,1010,4752,3168,2026-06-09T04:57:22.607000+00:00,-37.7983196901,144.9922453854,0.6038679609533425,0.97824023505121,-2.000093460083008,True,False,C:\Users\61411\Documents\Codex\2026-05-24\i-am-developing-a-new-research\geotagged\cam1\Cam1_2026-06-09_14-57-23_capt1010_1011.jpg,C:\Users\61411\Documents\Codex\2026-05-24\i-am-developing-a-new-research\experiments\geotagged_cam1_complete_sbg_ins_metadata_v4_20260811\metadata\Cam1_2026-06-09_14-57-23_capt1010_1011.json,fe530b3e88044101bafab4699d6181e0c89ad24ac393622ba03ff730cb81cfd1,097736431490c5592ee11672e026ba9a34d3ffe26ea98c0a217c19a94f577a44
Cam1_2026-06-09_14-57-25_capt1022_1023.jpg,train,1022,4752,3168,2026-06-09T04:57:24.106000+00:00,-37.7983115462,144.9922532013,0.737590471720665,0.98,-0.9999275207519531,True,False,C:\Users\61411\Documents\Codex\2026-05-24\i-am-developing-a-new-research\geotagged\cam1\Cam1_2026-06-09_14-57-25_capt1022_1023.jpg,C:\Users\61411\Documents\Codex\2026-05-24\i-am-developing-a-new-research\experiments\geotagged_cam1_complete_sbg_ins_metadata_v4_20260811\metadata\Cam1_2026-06-09_14-57-25_capt1022_1023.json,2765cc0ef2365313396771b9ec54aaf0c4872ce7dec08c78716191f536e3a1f7,12c2c3546e5f9a8f3f1538dfd6892ebd0c75bab89da2034ffa92f67c4099e3ce
Cam1_2026-06-09_14-57-26_capt1035_1036.jpg,train,1035,4752,3168,2026-06-09T04:57:25.731000+00:00,-37.7983163683,144.9922518071,0.7374675502191212,0.97824023505121,-0.9999275207519531,True,False,C:\Users\61411\Documents\Codex\2026-05-24\i-am-developing-a-new-research\geotagged\cam1\Cam1_2026-06-09_14-57-26_capt1035_1036.jpg,C:\Users\61411\Documents\Codex\2026-05-24\i-am-developing-a-new-research\experiments\geotagged_cam1_complete_sbg_ins_metadata_v4_20260811\metadata\Cam1_2026-06-09_14-57-26_capt1035_1036.json,44e0a4da51ff0f9c4df4fa97590a2dcb2184ce5cc52877582028cd7343259412,8a844f6297cb1c87559aa294d3ebccefc2020ed454cc8970a8b3134c6b554c01
Cam1_2026-06-09_14-57-28_capt1048_1049.jpg,train,1048,4752,3168,2026-06-09T04:57:27.356000+00:00,-37.7983390795,144.9922197599,0.7373446492027873,0.98,-0.9999275207519531,True,False,C:\Users\61411\Documents\Codex\2026-05-24\i-am-developing-a-new-research\geotagged\cam1\Cam1_2026-06-09_14-57-28_capt1048_1049.jpg,C:\Users\61411\Documents\Codex\2026-05-24\i-am-developing-a-new-research\experiments\geotagged_cam1_complete_sbg_ins_metadata_v4_20260811\metadata\Cam1_2026-06-09_14-57-28_capt1048_1049.json,8f03b68bc24d73fe38a4888f3a04c999bef17eadee75c377168f29bcc099ceb4,7d18fa9551f926e7d4d6e219158173bbbf7e8e40ed8b40d15133a50655865fdb
Cam1_2026-06-09_14-57-30_capt1061_1062.jpg,train,1061,4752,3168,2026-06-09T04:57:28.980000+00:00,-37.7983349894,144.9921461653,0.9008819774079692,0.98,0.0,True,False,C:\Users\61411\Documents\Codex\2026-05-24\i-am-developing-a-new-research\geotagged\cam1\Cam1_2026-06-09_14-57-30_capt1061_1062.jpg,C:\Users\61411\Documents\Codex\2026-05-24\i-am-developing-a-new-research\experiments\geotagged_cam1_complete_sbg_ins_metadata_v4_20260811\metadata\Cam1_2026-06-09_14-57-30_capt1061_1062.json,7c12e7ebad054710bae75bfa9596d731a918eb67b24220294396d1237ba1787e,5cb5366b3cffba5904dc8aabd5726e2310044f0d4ead57f387a41a14dd42daf3
Cam1_2026-06-09_14-57-31_capt1073_1074.jpg,train,1073,4752,3168,2026-06-09T04:57:30.480000+00:00,-37.7983243945,144.9920525332,0.9008819774079692,0.98,0.0,True,False,C:\Users\61411\Documents\Codex\2026-05-24\i-am-developing-a-new-research\geotagged\cam1\Cam1_2026-06-09_14-57-31_capt1073_1074.jpg,C:\Users\61411\Documents\Codex\2026-05-24\i-am-developing-a-new-research\experiments\geotagged_cam1_complete_sbg_ins_metadata_v4_20260811\metadata\Cam1_2026-06-09_14-57-31_capt1073_1074.json,c8d4e130b139803639319edcc15f0b6738442b6f43f40e4e98aa469382a2b5f2,9ab7722d3a3b2f861f6226378d9a36f271a288ff522c130e64a6e4b5f7fdf4f5
Cam1_2026-06-09_14-57-33_capt1086_1087.jpg,train,1086,4752,3168,2026-06-09T04:57:32.105000+00:00,-37.7983153342,144.991944651,0.9008819774079692,0.98,0.0,True,False,C:\Users\61411\Documents\Codex\2026-05-24\i-am-developing-a-new-research\geotagged\cam1\Cam1_2026-06-09_14-57-33_capt1086_1087.jpg,C:\Users\61411\Documents\Codex\2026-05-24\i-am-developing-a-new-research\experiments\geotagged_cam1_complete_sbg_ins_metadata_v4_20260811\metadata\Cam1_2026-06-09_14-57-33_capt1086_1087.json,3c12b5740102fd4f33c5411a07ed823b2231d32a47b0b7225d19e3159d2244fd,7c17ad4a8337a4ca054de542a9cd100d03638576a5cbbc8c145f13eb195579a9
Cam1_2026-06-09_14-57-34_capt1099_1100.jpg,train,1099,4752,3168,2026-06-09T04:57:33.730000+00:00,-37.7983088544,144.9918632732,0.9008819774079692,0.98,0.0,True,False,C:\Users\61411\Documents\Codex\2026-05-24\i-am-developing-a-new-research\geotagged\cam1\Cam1_2026-06-09_14-57-34_capt1099_1100.jpg,C:\Users\61411\Documents\Codex\2026-05-24\i-am-developing-a-new-research\experiments\geotagged_cam1_complete_sbg_ins_metadata_v4_20260811\metadata\Cam1_2026-06-09_14-57-34_capt1099_1100.json,0c8bf25a832e9621f3adfc1df3aa0bdb719f9783439e3038e887b6d88bc9ef0d,66ccf75b3e5499ba82dbbcb01da9e5ab2328ab6afeacf7ef7b766f1d9d5e9fd3
Cam1_2026-06-09_14-57-36_capt1112_1113.jpg,train,1112,4752,3168,2026-06-09T04:57:35.355000+00:00,-37.7983030602,144.9918024375,0.9008819774079692,0.98,0.0,True,False,C:\Users\61411\Documents\Codex\2026-05-24\i-am-developing-a-new-research\geotagged\cam1\Cam1_2026-06-09_14-57-36_capt1112_1113.jpg,C:\Users\61411\Documents\Codex\2026-05-24\i-am-developing-a-new-research\experiments\geotagged_cam1_complete_sbg_ins_metadata_v4_20260811\metadata\Cam1_2026-06-09_14-57-36_capt1112_1113.json,53b68f945dd4d04f959f2fba72d86b6af77d50a815c021b5aae01e73d64bb35e,0e9975249acad2ee8e30f63ed5e538f161af09da1fc97726cf3b5d49fda937e0
Cam1_2026-06-09_14-57-38_capt1124_1125.jpg,train,1124,4752,3168,2026-06-09T04:57:36.855000+00:00,-37.7982960678,144.9917358607,0.9008819774079692,0.98,0.0,True,False,C:\Users\61411\Documents\Codex\2026-05-24\i-am-developing-a-new-research\geotagged\cam1\Cam1_2026-06-09_14-57-38_capt1124_1125.jpg,C:\Users\61411\Documents\Codex\2026-05-24\i-am-developing-a-new-research\experiments\geotagged_cam1_complete_sbg_ins_metadata_v4_20260811\metadata\Cam1_2026-06-09_14-57-38_capt1124_1125.json,c607ee136b7145decde237703579ae86d989926db763edde1fa7498e56dad218,4fce815abd5f41cf8bbc735495b09753174d220317ff22d9bb5f70523d833c0d
Cam1_2026-06-09_14-57-39_capt1137_1138.jpg,train,1137,4752,3168,2026-06-09T04:57:38.479000+00:00,-37.7982843251,144.9916406164,0.737590471720665,0.98,0.9999275207519531,True,False,C:\Users\61411\Documents\Codex\2026-05-24\i-am-developing-a-new-research\geotagged\cam1\Cam1_2026-06-09_14-57-39_capt1137_1138.jpg,C:\Users\61411\Documents\Codex\2026-05-24\i-am-developing-a-new-research\experiments\geotagged_cam1_complete_sbg_ins_metadata_v4_20260811\metadata\Cam1_2026-06-09_14-57-39_capt1137_1138.json,46fb597c07127ecc9b9e6273c3fa35c6d8eb267444d317913323d9d193f12017,af78543ae093caca41abd06aca4139f3eb03cc5eacd606710b56506bfb469ece
Cam1_2026-06-09_14-57-41_capt1150_1151.jpg,train,1150,4752,3168,2026-06-09T04:57:40.104000+00:00,-37.7982706001,144.9915238073,0.737590471720665,0.98,0.9999275207519531,True,False,C:\Users\61411\Documents\Codex\2026-05-24\i-am-developing-a-new-research\geotagged\cam1\Cam1_2026-06-09_14-57-41_capt1150_1151.jpg,C:\Users\61411\Documents\Codex\2026-05-24\i-am-developing-a-new-research\experiments\geotagged_cam1_complete_sbg_ins_metadata_v4_20260811\metadata\Cam1_2026-06-09_14-57-41_capt1150_1151.json,94707c03abbcd8a12f680648b70924a1e2384807b84472194fd8910d1425c172,be362d360f9f6221a85aa7f82c7f0c6510b8ec642e0addf42756581e68a9232a
Cam1_2026-06-09_14-57-42_capt1163_1164.jpg,train,1163,4752,3168,2026-06-09T04:57:41.728000+00:00,-37.7982578088,144.9913950161,0.6038679609533425,0.98,2.000093460083008,True,False,C:\Users\61411\Documents\Codex\2026-05-24\i-am-developing-a-new-research\geotagged\cam1\Cam1_2026-06-09_14-57-42_capt1163_1164.jpg,C:\Users\61411\Documents\Codex\2026-05-24\i-am-developing-a-new-research\experiments\geotagged_cam1_complete_sbg_ins_metadata_v4_20260811\metadata\Cam1_2026-06-09_14-57-42_capt1163_1164.json,9ac60b4c044abe7a3a52c8bf41753d3aee895c474e47476cbc3cc85c94818561,d5feb1628bc9e497502e9f3f53d02181d2b3badea964fdb929ebc8a4ef4cb847
Cam1_2026-06-09_14-57-44_capt1176_1177.jpg,train,1176,4752,3168,2026-06-09T04:57:43.353000+00:00,-37.7982447826,144.9912582105,0.6038679609533425,0.98,2.000093460083008,True,False,C:\Users\61411\Documents\Codex\2026-05-24\i-am-developing-a-new-research\geotagged\cam1\Cam1_2026-06-09_14-57-44_capt1176_1177.jpg,C:\Users\61411\Documents\Codex\2026-05-24\i-am-developing-a-new-research\experiments\geotagged_cam1_complete_sbg_ins_metadata_v4_20260811\metadata\Cam1_2026-06-09_14-57-44_capt1176_1177.json,e0e0b6b9fbb366984c24d6f03ef084b8ff5a7ad894619490fa279200634c5274,ba61d2ee7155bf6ef6546b3bfdbbab48f78b81a8ee4e33ab8cd368d4fbc9dd07
Cam1_2026-06-09_14-57-46_capt1189_1190.jpg,train,1189,4752,3168,2026-06-09T04:57:44.978000+00:00,-37.7982303556,144.991109024,0.6038679609533425,0.98,2.000093460083008,True,False,C:\Users\61411\Documents\Codex\2026-05-24\i-am-developing-a-new-research\geotagged\cam1\Cam1_2026-06-09_14-57-46_capt1189_1190.jpg,C:\Users\61411\Documents\Codex\2026-05-24\i-am-developing-a-new-research\experiments\geotagged_cam1_complete_sbg_ins_metadata_v4_20260811\metadata\Cam1_2026-06-09_14-57-46_capt1189_1190.json,3e075ce57085e3a1958f3e3d79cdca0c77a05c02fc2144266795fa9cbbb329b4,8fce5eb2e4d5d50c5540da189bb5fd76187c2e9427c282dd1ff36ce45617a465
Cam1_2026-06-09_14-57-47_capt1202_1203.jpg,train,1202,4752,3168,2026-06-09T04:57:46.603000+00:00,-37.7982138339,144.9909440123,0.6038679609533425,0.98,2.000093460083008,True,False,C:\Users\61411\Documents\Codex\2026-05-24\i-am-developing-a-new-research\geotagged\cam1\Cam1_2026-06-09_14-57-47_capt1202_1203.jpg,C:\Users\61411\Documents\Codex\2026-05-24\i-am-developing-a-new-research\experiments\geotagged_cam1_complete_sbg_ins_metadata_v4_20260811\metadata\Cam1_2026-06-09_14-57-47_capt1202_1203.json,fdad9c386f3ca0cfaaecd7a38a23835ff6b69f0394049066ccf0d24d82bcb027,1bf3114afbfc1cd6e13d1756a17a6f8a809f4fb734fb6f6048ac643ca2fb3ec6
Cam1_2026-06-09_14-57-49_capt1215_1216.jpg,train,1215,4752,3168,2026-06-09T04:57:48.227000+00:00,-37.7981959463,144.990774584,0.6038679609533425,0.97824023505121,-2.000093460083008,True,False,C:\Users\61411\Documents\Codex\2026-05-24\i-am-developing-a-new-research\geotagged\cam1\Cam1_2026-06-09_14-57-49_capt1215_1216.jpg,C:\Users\61411\Documents\Codex\2026-05-24\i-am-developing-a-new-research\experiments\geotagged_cam1_complete_sbg_ins_metadata_v4_20260811\metadata\Cam1_2026-06-09_14-57-49_capt1215_1216.json,f582e420703fdb33b19564f78d80cdb299c8767d59fdda74650a1ed0617813d2,6968eb202a51027b6eb8885c0718aa4c234a51201000833787dd32c58b2bbb2b
Cam1_2026-06-09_14-57-50_capt1227_1228.jpg,train,1227,4752,3168,2026-06-09T04:57:49.727000+00:00,-37.7981814537,144.9906239335,0.6038679609533425,0.97824023505121,-2.000093460083008,True,False,C:\Users\61411\Documents\Codex\2026-05-24\i-am-developing-a-new-research\geotagged\cam1\Cam1_2026-06-09_14-57-50_capt1227_1228.jpg,C:\Users\61411\Documents\Codex\2026-05-24\i-am-developing-a-new-research\experiments\geotagged_cam1_complete_sbg_ins_metadata_v4_20260811\metadata\Cam1_2026-06-09_14-57-50_capt1227_1228.json,d3b7144456e6c3e6f1e759697c86e005df11033431fa60fd718f30ad5b73de21,5a09167eec0dcacb9a8ddbf5cc1a0280d6f1d65cef62ae110ec85a467844ed2e
Cam1_2026-06-09_14-57-52_capt1240_1241.jpg,train,1240,4752,3168,2026-06-09T04:57:51.352000+00:00,-37.7981667105,144.9904769897,0.6038679609533425,0.98,-2.000093460083008,True,False,C:\Users\61411\Documents\Codex\2026-05-24\i-am-developing-a-new-research\geotagged\cam1\Cam1_2026-06-09_14-57-52_capt1240_1241.jpg,C:\Users\61411\Documents\Codex\2026-05-24\i-am-developing-a-new-research\experiments\geotagged_cam1_complete_sbg_ins_metadata_v4_20260811\metadata\Cam1_2026-06-09_14-57-52_capt1240_1241.json,34493ac0f75434501ab03441074e5ace0c282661c04cba63668c3a7d496fbf33,3b9e57f010001e05aab34710b521c2073adcc9785d25d3eb4c9274c3ea3b971f
Cam1_2026-06-09_14-57-54_capt1253_1254.jpg,train,1253,4752,3168,2026-06-09T04:57:52.977000+00:00,-37.7981560014,144.9903676525,0.6038679609533425,0.98,-2.000093460083008,True,False,C:\Users\61411\Documents\Codex\2026-05-24\i-am-developing-a-new-research\geotagged\cam1\Cam1_2026-06-09_14-57-54_capt1253_1254.jpg,C:\Users\61411\Documents\Codex\2026-05-24\i-am-developing-a-new-research\experiments\geotagged_cam1_complete_sbg_ins_metadata_v4_20260811\metadata\Cam1_2026-06-09_14-57-54_capt1253_1254.json,df196c02f546c095e6cc9e2611409ffa9f575cc952eb5e1d5b78d32c58d57243,299262f80120b2118cc58c2964bd5685516beaf4e2e97197ec0ec337d2f8af26
Cam1_2026-06-09_14-57-55_capt1266_1267.jpg,train,1266,4752,3168,2026-06-09T04:57:54.601000+00:00,-37.7981485593,144.9902899383,0.7375553015047497,0.98,-1.0001659393310547,True,False,C:\Users\61411\Documents\Codex\2026-05-24\i-am-developing-a-new-research\geotagged\cam1\Cam1_2026-06-09_14-57-55_capt1266_1267.jpg,C:\Users\61411\Documents\Codex\2026-05-24\i-am-developing-a-new-research\experiments\geotagged_cam1_complete_sbg_ins_metadata_v4_20260811\metadata\Cam1_2026-06-09_14-57-55_capt1266_1267.json,654a5e5a848ad6efefdaf537451ccd6052fc9fd9027b9c0795c083ae41de9da2,1b4b6141c4f11b188e6dfcc3fec077f9bbda70792a4e02b3a215adaadde3644d
Cam1_2026-06-09_14-57-57_capt1278_1279.jpg,train,1278,4752,3168,2026-06-09T04:57:56.101000+00:00,-37.7981418212,144.9902164049,0.7375553015047497,0.98,-1.0001659393310547,True,False,C:\Users\61411\Documents\Codex\2026-05-24\i-am-developing-a-new-research\geotagged\cam1\Cam1_2026-06-09_14-57-57_capt1278_1279.jpg,C:\Users\61411\Documents\Codex\2026-05-24\i-am-developing-a-new-research\experiments\geotagged_cam1_complete_sbg_ins_metadata_v4_20260811\metadata\Cam1_2026-06-09_14-57-57_capt1278_1279.json,aee483d4553b4739cb7394dd871367838796a3f5b32269b54714a8b660aa987f,0afe7689094955cc11d94caee26c621c50e4238c47666e9ef4cfb55e0924d06e
Cam1_2026-06-09_14-57-58_capt1291_1292.jpg,train,1291,4752,3168,2026-06-09T04:57:57.725000+00:00,-37.7981327145,144.9901169877,0.9008819774079692,0.98,0.0,True,False,C:\Users\61411\Documents\Codex\2026-05-24\i-am-developing-a-new-research\geotagged\cam1\Cam1_2026-06-09_14-57-58_capt1291_1292.jpg,C:\Users\61411\Documents\Codex\2026-05-24\i-am-developing-a-new-research\experiments\geotagged_cam1_complete_sbg_ins_metadata_v4_20260811\metadata\Cam1_2026-06-09_14-57-58_capt1291_1292.json,e16738df6df1029f6539164ebc95bc4e487ab76dfb5f0fdb95604ed07f2b4b03,29789397ffdaae81523ac82edb71f42445a625a07a8794d4eb78c96616646abc
Cam1_2026-06-09_14-58-00_capt1304_1305.jpg,train,1304,4752,3168,2026-06-09T04:57:59.350000+00:00,-37.7981202656,144.9899900579,0.9008819774079692,0.98,0.0,True,False,C:\Users\61411\Documents\Codex\2026-05-24\i-am-developing-a-new-research\geotagged\cam1\Cam1_2026-06-09_14-58-00_capt1304_1305.jpg,C:\Users\61411\Documents\Codex\2026-05-24\i-am-developing-a-new-research\experiments\geotagged_cam1_complete_sbg_ins_metadata_v4_20260811\metadata\Cam1_2026-06-09_14-58-00_capt1304_1305.json,27f5c535635c7f7b9511f7138a5f61d612f4ba3343a5800f24534fbf2a6323ec,58b2b822c1704a21e16a96a6183608351afb4d6b259bf430af9225a2935d7134
Cam1_2026-06-09_14-58-02_capt1317_1318.jpg,train,1317,4752,3168,2026-06-09T04:58:00.975000+00:00,-37.7981046737,144.9898358638,0.9008819774079692,0.98,0.0,True,False,C:\Users\61411\Documents\Codex\2026-05-24\i-am-developing-a-new-research\geotagged\cam1\Cam1_2026-06-09_14-58-02_capt1317_1318.jpg,C:\Users\61411\Documents\Codex\2026-05-24\i-am-developing-a-new-research\experiments\geotagged_cam1_complete_sbg_ins_metadata_v4_20260811\metadata\Cam1_2026-06-09_14-58-02_capt1317_1318.json,602d7647f5b1f4df92a560772102ce0595d54a1e1b54eb703772bfa17e89caa3,73d85790cc6be7461bb8c1253b22b26a8cd4c05f053192fe374476e639d6db87
Cam1_2026-06-09_14-58-03_capt1329_1330.jpg,train,1329,4752,3168,2026-06-09T04:58:02.475000+00:00,-37.798090989,144.9896854933,0.9008819774079692,0.98,0.0,True,False,C:\Users\61411\Documents\Codex\2026-05-24\i-am-developing-a-new-research\geotagged\cam1\Cam1_2026-06-09_14-58-03_capt1329_1330.jpg,C:\Users\61411\Documents\Codex\2026-05-24\i-am-developing-a-new-research\experiments\geotagged_cam1_complete_sbg_ins_metadata_v4_20260811\metadata\Cam1_2026-06-09_14-58-03_capt1329_1330.json,63801c715321c6a599ac3216dca658c5faa2400a588fddad8cf959a2774cde42,5da4eeac685f996579121a1b7ee68a6535628c699d240b52fcf4a3f5460c5537
Cam1_2026-06-09_14-58-05_capt1342_1343.jpg,train,1342,4752,3168,2026-06-09T04:58:04.100000+00:00,-37.7980804582,144.9895411062,0.9008819774079692,0.98,0.0,True,False,C:\Users\61411\Documents\Codex\2026-05-24\i-am-developing-a-new-research\geotagged\cam1\Cam1_2026-06-09_14-58-05_capt1342_1343.jpg,C:\Users\61411\Documents\Codex\2026-05-24\i-am-developing-a-new-research\experiments\geotagged_cam1_complete_sbg_ins_metadata_v4_20260811\metadata\Cam1_2026-06-09_14-58-05_capt1342_1343.json,8f0b4092b62a960477b4cadee362b0feeccabc0bade67c8b660becf8b6745a85,97fa4b69d4bcab26c35dc724bdcfa416319475b62987a6c3944e50ed3a488d1b
Cam1_2026-06-09_14-58-06_capt1355_1356.jpg,train,1355,4752,3168,2026-06-09T04:58:05.724000+00:00,-37.7980775823,144.9894472432,0.737590471720665,0.98,0.9999275207519531,True,False,C:\Users\61411\Documents\Codex\2026-05-24\i-am-developing-a-new-research\geotagged\cam1\Cam1_2026-06-09_14-58-06_capt1355_1356.jpg,C:\Users\61411\Documents\Codex\2026-05-24\i-am-developing-a-new-research\experiments\geotagged_cam1_complete_sbg_ins_metadata_v4_20260811\metadata\Cam1_2026-06-09_14-58-06_capt1355_1356.json,bfb6ee218fe037ed93ca6c05f902ea2b405ce07203eeab86e44c7593e471367f,a01fbde6a6ff1f9ab60737adfe9702d291ab1a17f0155ebddbfe0b54b7bf5f2c
Cam1_2026-06-09_14-58-08_capt1368_1369.jpg,train,1368,4752,3168,2026-06-09T04:58:07.349000+00:00,-37.7980783573,144.9894078466,0.7374675502191212,0.98,0.9999275207519531,True,False,C:\Users\61411\Documents\Codex\2026-05-24\i-am-developing-a-new-research\geotagged\cam1\Cam1_2026-06-09_14-58-08_capt1368_1369.jpg,C:\Users\61411\Documents\Codex\2026-05-24\i-am-developing-a-new-research\experiments\geotagged_cam1_complete_sbg_ins_metadata_v4_20260811\metadata\Cam1_2026-06-09_14-58-08_capt1368_1369.json,a7598554e90e013b6e933489ce1580a1f0d84bba920171fa7350928e897d42ee,64e8d7584824de0a2ad6cc229f7f6b279db7eac112a65987fb778e1e9c8f0f84
Cam1_2026-06-09_14-58-10_capt1381_1382.jpg,train,1381,4752,3168,2026-06-09T04:58:08.974000+00:00,-37.7980849826,144.989368971,0.7374675502191212,0.98,0.9999275207519531,True,False,C:\Users\61411\Documents\Codex\2026-05-24\i-am-developing-a-new-research\geotagged\cam1\Cam1_2026-06-09_14-58-10_capt1381_1382.jpg,C:\Users\61411\Documents\Codex\2026-05-24\i-am-developing-a-new-research\experiments\geotagged_cam1_complete_sbg_ins_metadata_v4_20260811\metadata\Cam1_2026-06-09_14-58-10_capt1381_1382.json,992678a55570ec3ef52f896e444c4f237642fd035a6335d8d0eb007137d44122,cb024d540c1b72d0b706e16b45cf99cd3fab7573d76581b20a45c91cc3acdbb4
Cam1_2026-06-09_14-58-11_capt1394_1395.jpg,train,1394,4752,3168,2026-06-09T04:58:10.599000+00:00,-37.7981214668,144.9893288582,0.7374675502191212,0.98,0.9999275207519531,True,False,C:\Users\61411\Documents\Codex\2026-05-24\i-am-developing-a-new-research\geotagged\cam1\Cam1_2026-06-09_14-58-11_capt1394_1395.jpg,C:\Users\61411\Documents\Codex\2026-05-24\i-am-developing-a-new-research\experiments\geotagged_cam1_complete_sbg_ins_metadata_v4_20260811\metadata\Cam1_2026-06-09_14-58-11_capt1394_1395.json,f3acbcf2692624e9b6b46b8e765892353591903f88c9b28a13780d4e08cfa998,884ec24f1ae490768ca708f4d037cf36d68c4d396e8d291962b0bc6afab57e5e
Cam1_2026-06-09_14-58-13_capt1407_1408.jpg,train,1407,4752,3168,2026-06-09T04:58:12.223000+00:00,-37.798187755,144.9893056525,0.603896756308115,0.98,1.9998550415039062,True,False,C:\Users\61411\Documents\Codex\2026-05-24\i-am-developing-a-new-research\geotagged\cam1\Cam1_2026-06-09_14-58-13_capt1407_1408.jpg,C:\Users\61411\Documents\Codex\2026-05-24\i-am-developing-a-new-research\experiments\geotagged_cam1_complete_sbg_ins_metadata_v4_20260811\metadata\Cam1_2026-06-09_14-58-13_capt1407_1408.json,48b152fb1dda97791325faae07869a97578914b9e54130a4af3aef222296bf18,b6a472e9758670f5a4e34fe206a55cb8b1953cd81103e2195fbf811e392eb4fa
Cam1_2026-06-09_14-58-15_capt1420_1421.jpg,train,1420,4752,3168,2026-06-09T04:58:13.848000+00:00,-37.7982665968,144.9892897003,0.603896756308115,0.98,1.9998550415039062,True,True,C:\Users\61411\Documents\Codex\2026-05-24\i-am-developing-a-new-research\geotagged\cam1\Cam1_2026-06-09_14-58-15_capt1420_1421.jpg,C:\Users\61411\Documents\Codex\2026-05-24\i-am-developing-a-new-research\experiments\geotagged_cam1_complete_sbg_ins_metadata_v4_20260811\metadata\Cam1_2026-06-09_14-58-15_capt1420_1421.json,c762812e1755e0368c6d44ab3962a024c3b59f53801d60803455d9043d82a8b3,e89ddff87c663e437b243429dc45196d327c0a390c997de2873535b598062d9b
Cam1_2026-06-09_14-58-16_capt1430_1431.jpg,train,1430,4752,3168,2026-06-09T04:58:15.098000+00:00,-37.7983224142,144.989279089,0.603896756308115,0.98,1.9998550415039062,True,False,C:\Users\61411\Documents\Codex\2026-05-24\i-am-developing-a-new-research\geotagged\cam1\Cam1_2026-06-09_14-58-16_capt1430_1431.jpg,C:\Users\61411\Documents\Codex\2026-05-24\i-am-developing-a-new-research\experiments\geotagged_cam1_complete_sbg_ins_metadata_v4_20260811\metadata\Cam1_2026-06-09_14-58-16_capt1430_1431.json,ba2f22410b22e830d8a626283310afdbc1f0ab3e599f832146477c3c1312ccc9,d5d96aba9b9dcbb74776c253296a4f426e0eacce6920da43f8a2bec4dec377dc
Cam1_2026-06-09_14-58-17_capt1440_1441.jpg,train,1440,4752,3168,2026-06-09T04:58:16.347000+00:00,-37.7983766618,144.9892689632,0.603896756308115,0.98,-1.9998550415039062,True,False,C:\Users\61411\Documents\Codex\2026-05-24\i-am-developing-a-new-research\geotagged\cam1\Cam1_2026-06-09_14-58-17_capt1440_1441.jpg,C:\Users\61411\Documents\Codex\2026-05-24\i-am-developing-a-new-research\experiments\geotagged_cam1_complete_sbg_ins_metadata_v4_20260811\metadata\Cam1_2026-06-09_14-58-17_capt1440_1441.json,8bc30ddf9e0179222b7943a535f8a32fb5048f0f4463948350f11b3697ffac19,20e0d4b50c5587920fa2d1107a9493ed397573f5cfd5e51971196e21a96e3c1f
Cam1_2026-06-09_14-58-18_capt1450_1451.jpg,train,1450,4752,3168,2026-06-09T04:58:17.597000+00:00,-37.7984317582,144.9892584534,0.603896756308115,0.98,-1.9998550415039062,True,False,C:\Users\61411\Documents\Codex\2026-05-24\i-am-developing-a-new-research\geotagged\cam1\Cam1_2026-06-09_14-58-18_capt1450_1451.jpg,C:\Users\61411\Documents\Codex\2026-05-24\i-am-developing-a-new-research\experiments\geotagged_cam1_complete_sbg_ins_metadata_v4_20260811\metadata\Cam1_2026-06-09_14-58-18_capt1450_1451.json,30e9e59ffc9f61ccfa0739e669fb70d3e1b66f24f7308353c91bc019c4177654,b033d177f7752669d84399cb3b8f9ae6e31dc92ba38af89c7e24ea197ed78f5a
Cam1_2026-06-09_14-58-20_capt1460_1461.jpg,train,1460,4752,3168,2026-06-09T04:58:18.847000+00:00,-37.7984854123,144.9892480007,0.603896756308115,0.98,-1.9998550415039062,True,True,C:\Users\61411\Documents\Codex\2026-05-24\i-am-developing-a-new-research\geotagged\cam1\Cam1_2026-06-09_14-58-20_capt1460_1461.jpg,C:\Users\61411\Documents\Codex\2026-05-24\i-am-developing-a-new-research\experiments\geotagged_cam1_complete_sbg_ins_metadata_v4_20260811\metadata\Cam1_2026-06-09_14-58-20_capt1460_1461.json,362dc64d1c4a02879a24368a74772f9a03a319f1c725f09df01c6561ab2f453f,b8954a28148c114f34daa95f42f4ead91052110538a6c9f8445ece1e1ef62d26
Cam1_2026-06-09_14-58-20_capt1465_1466.jpg,train,1465,4752,3168,2026-06-09T04:58:19.472000+00:00,-37.7985115276,144.9892430827,0.603896756308115,0.98,-1.9998550415039062,True,True,C:\Users\61411\Documents\Codex\2026-05-24\i-am-developing-a-new-research\geotagged\cam1\Cam1_2026-06-09_14-58-20_capt1465_1466.jpg,C:\Users\61411\Documents\Codex\2026-05-24\i-am-developing-a-new-research\experiments\geotagged_cam1_complete_sbg_ins_metadata_v4_20260811\metadata\Cam1_2026-06-09_14-58-20_capt1465_1466.json,4d7b9552f72ec86315286054e33f83986ca1b4c13da40f3a0673136e65ff9435,37d6c1f5522023cab52223c23b9c6ac14ea700805e71117a5df6bf09483a1fc5
Cam1_2026-06-09_14-58-21_capt1470_1471.jpg,train,1470,4752,3168,2026-06-09T04:58:20.097000+00:00,-37.7985369055,144.9892382144,0.603896756308115,0.98,-1.9998550415039062,True,True,C:\Users\61411\Documents\Codex\2026-05-24\i-am-developing-a-new-research\geotagged\cam1\Cam1_2026-06-09_14-58-21_capt1470_1471.jpg,C:\Users\61411\Documents\Codex\2026-05-24\i-am-developing-a-new-research\experiments\geotagged_cam1_complete_sbg_ins_metadata_v4_20260811\metadata\Cam1_2026-06-09_14-58-21_capt1470_1471.json,a4698786827ead342b8b7cb82ee05881dd6000ee847a2fe55597cc652b8bea4e,afa98cee3b78d6ce8c11983e2455d44f1bda42407c2c9cf0698d4b9ffb680c65
Cam1_2026-06-09_14-58-23_capt1485_1486.jpg,train,1485,4752,3168,2026-06-09T04:58:21.971000+00:00,-37.7986078148,144.9892266712,0.737590471720665,0.98,-0.9999275207519531,True,False,C:\Users\61411\Documents\Codex\2026-05-24\i-am-developing-a-new-research\geotagged\cam1\Cam1_2026-06-09_14-58-23_capt1485_1486.jpg,C:\Users\61411\Documents\Codex\2026-05-24\i-am-developing-a-new-research\experiments\geotagged_cam1_complete_sbg_ins_metadata_v4_20260811\metadata\Cam1_2026-06-09_14-58-23_capt1485_1486.json,1d4f521a40041ad5d9c27928385a89ead1333cce3a770cb6d3e0f3cb83eda5ab,5b50834dcebb6f922b5381b93163bbcb3b7db13e9da52ee6668648b06b793f46
Cam1_2026-06-09_14-58-25_capt1500_1501.jpg,train,1500,4752,3168,2026-06-09T04:58:23.846000+00:00,-37.7986739347,144.9892323685,0.737590471720665,0.97824023505121,-0.9999275207519531,True,True,C:\Users\61411\Documents\Codex\2026-05-24\i-am-developing-a-new-research\geotagged\cam1\Cam1_2026-06-09_14-58-25_capt1500_1501.jpg,C:\Users\61411\Documents\Codex\2026-05-24\i-am-developing-a-new-research\experiments\geotagged_cam1_complete_sbg_ins_metadata_v4_20260811\metadata\Cam1_2026-06-09_14-58-25_capt1500_1501.json,35b26f64e9d298bf4f55b18dd42b58900c8c3861eb27cacaada17eb563d5edea,1c9790930c7982f4291ded0aaeb3ccb33c0e8c27c76b6b96f11f07a405f99b02
Cam1_2026-06-09_14-58-26_capt1510_1511.jpg,train,1510,4752,3168,2026-06-09T04:58:25.096000+00:00,-37.7987132432,144.9892452369,0.7374675502191212,0.98,-0.9999275207519531,True,True,C:\Users\61411\Documents\Codex\2026-05-24\i-am-developing-a-new-research\geotagged\cam1\Cam1_2026-06-09_14-58-26_capt1510_1511.jpg,C:\Users\61411\Documents\Codex\2026-05-24\i-am-developing-a-new-research\experiments\geotagged_cam1_complete_sbg_ins_metadata_v4_20260811\metadata\Cam1_2026-06-09_14-58-26_capt1510_1511.json,741145385509e89de4e8f7f1aa976b769aa283f8915da5766247a7535db5907c,a0f812880c03727a9cd79d19f0f1949b6cf19004ce98de4257d9b632320dcc99
Cam1_2026-06-09_14-58-26_capt1515_1516.jpg,train,1515,4752,3168,2026-06-09T04:58:25.721000+00:00,-37.7987331569,144.9892484378,0.7373446492027873,0.97824023505121,-0.9999275207519531,True,True,C:\Users\61411\Documents\Codex\2026-05-24\i-am-developing-a-new-research\geotagged\cam1\Cam1_2026-06-09_14-58-26_capt1515_1516.jpg,C:\Users\61411\Documents\Codex\2026-05-24\i-am-developing-a-new-research\experiments\geotagged_cam1_complete_sbg_ins_metadata_v4_20260811\metadata\Cam1_2026-06-09_14-58-26_capt1515_1516.json,4fda33170768c9254206b22d4184ae0c9654e91daf1ded9b843549ca39355edb,0be47ca353b32896bb7ba32662fc812024e7dcf0408df8a1083674bfdb46b7ae
Cam1_2026-06-09_14-58-28_capt1526_1527.jpg,train,1526,4752,3168,2026-06-09T04:58:27.096000+00:00,-37.7987709366,144.989232479,0.7372217686682492,0.98,-0.9999275207519531,True,False,C:\Users\61411\Documents\Codex\2026-05-24\i-am-developing-a-new-research\geotagged\cam1\Cam1_2026-06-09_14-58-28_capt1526_1527.jpg,C:\Users\61411\Documents\Codex\2026-05-24\i-am-developing-a-new-research\experiments\geotagged_cam1_complete_sbg_ins_metadata_v4_20260811\metadata\Cam1_2026-06-09_14-58-28_capt1526_1527.json,aa9e22f3428240803166bea574bc04d9cfc9ada0dfb648d4c93ecd3673274d66,7373f8d83d8df6f07239e10709f7cb5dd529560d493f8ec4ef513dab2f359dc1
Cam1_2026-06-09_14-58-29_capt1537_1538.jpg,train,1537,4752,3168,2026-06-09T04:58:28.470000+00:00,-37.7987909516,144.9891921697,0.9004316490107465,0.97824023505121,0.0,True,False,C:\Users\61411\Documents\Codex\2026-05-24\i-am-developing-a-new-research\geotagged\cam1\Cam1_2026-06-09_14-58-29_capt1537_1538.jpg,C:\Users\61411\Documents\Codex\2026-05-24\i-am-developing-a-new-research\experiments\geotagged_cam1_complete_sbg_ins_metadata_v4_20260811\metadata\Cam1_2026-06-09_14-58-29_capt1537_1538.json,20f14044eee8944303f7de137e3a830819649280ed0c260a2b01e47a3301587c,46c8f7bffe7be7a95aef94e6ba5888fd8085c8a579d0ef9f324d394884c1f635
Cam1_2026-06-09_14-58-31_capt1548_1549.jpg,train,1548,4752,3168,2026-06-09T04:58:29.845000+00:00,-37.7987862008,144.9891427315,0.9004316490107465,0.97824023505121,0.0,True,False,C:\Users\61411\Documents\Codex\2026-05-24\i-am-developing-a-new-research\geotagged\cam1\Cam1_2026-06-09_14-58-31_capt1548_1549.jpg,C:\Users\61411\Documents\Codex\2026-05-24\i-am-developing-a-new-research\experiments\geotagged_cam1_complete_sbg_ins_metadata_v4_20260811\metadata\Cam1_2026-06-09_14-58-31_capt1548_1549.json,5a30263ce2fb370e0a76bdc40f8dd38a2455c386b77a7bd4d68c23a78cd03ed9,a5d8edd1067eda7ba2e4bc1c9836c5f5833a547c32246dd1e323c330cd3a49ae
Cam1_2026-06-09_14-58-32_capt1560_1561.jpg,train,1560,4752,3168,2026-06-09T04:58:31.345000+00:00,-37.7987530587,144.9891058965,0.9004316490107465,0.9762857097579093,0.0,True,True,C:\Users\61411\Documents\Codex\2026-05-24\i-am-developing-a-new-research\geotagged\cam1\Cam1_2026-06-09_14-58-32_capt1560_1561.jpg,C:\Users\61411\Documents\Codex\2026-05-24\i-am-developing-a-new-research\experiments\geotagged_cam1_complete_sbg_ins_metadata_v4_20260811\metadata\Cam1_2026-06-09_14-58-32_capt1560_1561.json,dc5e7ff7680d427d10bd5bfaf622a2f3c7fff0f7517a12c3f1a015fcfa044de0,0dcf23f97350072101376391dcba241392ae140e14b70367903739020ffb7054
Cam1_2026-06-09_14-58-33_capt1569_1570.jpg,train,1569,4752,3168,2026-06-09T04:58:32.470000+00:00,-37.7987236367,144.989104696,0.9005817334589381,0.97824023505121,0.0,True,False,C:\Users\61411\Documents\Codex\2026-05-24\i-am-developing-a-new-research\geotagged\cam1\Cam1_2026-06-09_14-58-33_capt1569_1570.jpg,C:\Users\61411\Documents\Codex\2026-05-24\i-am-developing-a-new-research\experiments\geotagged_cam1_complete_sbg_ins_metadata_v4_20260811\metadata\Cam1_2026-06-09_14-58-33_capt1569_1570.json,75c315abcc3d1c1582cc2a9449afee4d2c352716c5e4fa2955045f2eed10b46e,650a40fbbec3313684ca3cd6a702367c65d5927e9e7169cc214aebb9b1f627c3
Cam1_2026-06-09_14-58-34_capt1578_1579.jpg,train,1578,4752,3168,2026-06-09T04:58:33.595000+00:00,-37.7986965369,144.9891220126,0.9007318429232891,0.97824023505121,0.0,True,False,C:\Users\61411\Documents\Codex\2026-05-24\i-am-developing-a-new-research\geotagged\cam1\Cam1_2026-06-09_14-58-34_capt1578_1579.jpg,C:\Users\61411\Documents\Codex\2026-05-24\i-am-developing-a-new-research\experiments\geotagged_cam1_complete_sbg_ins_metadata_v4_20260811\metadata\Cam1_2026-06-09_14-58-34_capt1578_1579.json,fc07d2c5b90b40f90bbb28459aad3c248a586584dfbddb11e0835a41c5a0fd47,96bee87fcb09529efc56909f79f735b9ae0e18aeacdf8e76bed8c1d2ebb2f748
Cam1_2026-06-09_14-58-35_capt1587_1588.jpg,train,1587,4752,3168,2026-06-09T04:58:34.720000+00:00,-37.7986661947,144.9891498394,0.9007318429232891,0.97824023505121,0.0,True,False,C:\Users\61411\Documents\Codex\2026-05-24\i-am-developing-a-new-research\geotagged\cam1\Cam1_2026-06-09_14-58-35_capt1587_1588.jpg,C:\Users\61411\Documents\Codex\2026-05-24\i-am-developing-a-new-research\experiments\geotagged_cam1_complete_sbg_ins_metadata_v4_20260811\metadata\Cam1_2026-06-09_14-58-35_capt1587_1588.json,50df915478174d0661083ce8ad9ca741f3ae8f75584c784cb51bd4ad578236fe,ae7fece6a66693526efae4f9cab5365483c89da1b8c032d26725705c4a401c68
Cam1_2026-06-09_14-58-37_capt1597_1598.jpg,train,1597,4752,3168,2026-06-09T04:58:35.970000+00:00,-37.7986164414,144.9891740562,0.9008819774079692,0.98,0.0,True,False,C:\Users\61411\Documents\Codex\2026-05-24\i-am-developing-a-new-research\geotagged\cam1\Cam1_2026-06-09_14-58-37_capt1597_1598.jpg,C:\Users\61411\Documents\Codex\2026-05-24\i-am-developing-a-new-research\experiments\geotagged_cam1_complete_sbg_ins_metadata_v4_20260811\metadata\Cam1_2026-06-09_14-58-37_capt1597_1598.json,b1ca1949589a00fb2ba3ae1dcb2c7d76011728013b1b4c309ba853cbf8aad7f8,93870b7827e306c195267131fcdea6d17162d5e0c8e66480f16a6dbf151d8ff6
Cam1_2026-06-09_14-58-38_capt1606_1607.jpg,train,1606,4752,3168,2026-06-09T04:58:37.095000+00:00,-37.7985589812,144.9891875451,0.9008819774079692,0.98,0.0,True,False,C:\Users\61411\Documents\Codex\2026-05-24\i-am-developing-a-new-research\geotagged\cam1\Cam1_2026-06-09_14-58-38_capt1606_1607.jpg,C:\Users\61411\Documents\Codex\2026-05-24\i-am-developing-a-new-research\experiments\geotagged_cam1_complete_sbg_ins_metadata_v4_20260811\metadata\Cam1_2026-06-09_14-58-38_capt1606_1607.json,625ffb4ee5a4319386b83842dbb4e2a0a014f91453136d7600f073d0b0da5a9f,97c0624e72ac7ee07b3d88a871ee248137b045d9449b0fc7b4bc004e20623fee
Cam1_2026-06-09_14-58-39_capt1616_1617.jpg,train,1616,4752,3168,2026-06-09T04:58:38.344000+00:00,-37.79848366,144.9892000031,0.737590471720665,0.98,0.9999275207519531,True,False,C:\Users\61411\Documents\Codex\2026-05-24\i-am-developing-a-new-research\geotagged\cam1\Cam1_2026-06-09_14-58-39_capt1616_1617.jpg,C:\Users\61411\Documents\Codex\2026-05-24\i-am-developing-a-new-research\experiments\geotagged_cam1_complete_sbg_ins_metadata_v4_20260811\metadata\Cam1_2026-06-09_14-58-39_capt1616_1617.json,1b5300fa3f93b5843a667eafdd630bf07f88939a40098ca37a4085d9f87d3f08,4e4df2e44ec1cc0737abbdbdadbc1528ce5fd2e17e21903233ea5c732238c280
Cam1_2026-06-09_14-58-40_capt1625_1626.jpg,train,1625,4752,3168,2026-06-09T04:58:39.469000+00:00,-37.7984116911,144.9892123022,0.737590471720665,0.98,0.9999275207519531,True,False,C:\Users\61411\Documents\Codex\2026-05-24\i-am-developing-a-new-research\geotagged\cam1\Cam1_2026-06-09_14-58-40_capt1625_1626.jpg,C:\Users\61411\Documents\Codex\2026-05-24\i-am-developing-a-new-research\experiments\geotagged_cam1_complete_sbg_ins_metadata_v4_20260811\metadata\Cam1_2026-06-09_14-58-40_capt1625_1626.json,eeb9774f7b48f0704251bb392b34e4d734f9a850433d1699ddb66b374606aa1f,b3c4fdfe91a3eaff2ee040f3e931616fe27dd338b05c00257d457b3b4044173b
Cam1_2026-06-09_14-58-41_capt1635_1636.jpg,train,1635,4752,3168,2026-06-09T04:58:40.718000+00:00,-37.7983321836,144.9892261409,0.6038679609533425,0.98,2.000093460083008,True,True,C:\Users\61411\Documents\Codex\2026-05-24\i-am-developing-a-new-research\geotagged\cam1\Cam1_2026-06-09_14-58-41_capt1635_1636.jpg,C:\Users\61411\Documents\Codex\2026-05-24\i-am-developing-a-new-research\experiments\geotagged_cam1_complete_sbg_ins_metadata_v4_20260811\metadata\Cam1_2026-06-09_14-58-41_capt1635_1636.json,d4be6a1e5e130a0b7a6058ee31d63fb7a95c3f4dee1102f6681c5d187afe6c6e,799186adf9c7d2bd2a9c79329683cc2140f8039b880db6464beac0f1fe8d4998
Cam1_2026-06-09_14-58-43_capt1646_1647.jpg,train,1646,4752,3168,2026-06-09T04:58:42.093000+00:00,-37.7982474181,144.989240897,0.6038679609533425,0.98,2.000093460083008,True,False,C:\Users\61411\Documents\Codex\2026-05-24\i-am-developing-a-new-research\geotagged\cam1\Cam1_2026-06-09_14-58-43_capt1646_1647.jpg,C:\Users\61411\Documents\Codex\2026-05-24\i-am-developing-a-new-research\experiments\geotagged_cam1_complete_sbg_ins_metadata_v4_20260811\metadata\Cam1_2026-06-09_14-58-43_capt1646_1647.json,44dcde7cb6bfe2c8391d71e7a1d2fc6a148eeded97b3753a7feeef41467c8afb,2b42321bd13c724fd23f090fc43307a45d235ec6894c4d8144858bf6cca50f42
Cam1_2026-06-09_14-58-44_capt1657_1658.jpg,train,1657,4752,3168,2026-06-09T04:58:43.468000+00:00,-37.7981671521,144.9892553243,0.6038679609533425,0.98,2.000093460083008,True,False,C:\Users\61411\Documents\Codex\2026-05-24\i-am-developing-a-new-research\geotagged\cam1\Cam1_2026-06-09_14-58-44_capt1657_1658.jpg,C:\Users\61411\Documents\Codex\2026-05-24\i-am-developing-a-new-research\experiments\geotagged_cam1_complete_sbg_ins_metadata_v4_20260811\metadata\Cam1_2026-06-09_14-58-44_capt1657_1658.json,d8c4e4c3411d161b77ed3e44f20897b1d786a23c01f0ad8892aad5b6b611f9af,84811eb7f3cf39e30999c051d01bc12ff7cab2cd49eca503aff23ce511c7d95d
Cam1_2026-06-09_14-58-46_capt1668_1669.jpg,train,1668,4752,3168,2026-06-09T04:58:44.843000+00:00,-37.7980904939,144.989270813,0.6038679609533425,0.97824023505121,2.000093460083008,True,False,C:\Users\61411\Documents\Codex\2026-05-24\i-am-developing-a-new-research\geotagged\cam1\Cam1_2026-06-09_14-58-46_capt1668_1669.jpg,C:\Users\61411\Documents\Codex\2026-05-24\i-am-developing-a-new-research\experiments\geotagged_cam1_complete_sbg_ins_metadata_v4_20260811\metadata\Cam1_2026-06-09_14-58-46_capt1668_1669.json,860626c1c3f6a45d9d3ddb1b3d90acedcfa914982f567b9cf4d4e1501f82865a,8e0f8f28153d22bf687dd2fa3fc09a7fcfff105b27e29221de6a6619bd705511
Cam1_2026-06-09_14-58-47_capt1680_1681.jpg,train,1680,4752,3168,2026-06-09T04:58:46.342000+00:00,-37.7980123095,144.9892894831,0.6038679609533425,0.98,-2.000093460083008,True,True,C:\Users\61411\Documents\Codex\2026-05-24\i-am-developing-a-new-research\geotagged\cam1\Cam1_2026-06-09_14-58-47_capt1680_1681.jpg,C:\Users\61411\Documents\Codex\2026-05-24\i-am-developing-a-new-research\experiments\geotagged_cam1_complete_sbg_ins_metadata_v4_20260811\metadata\Cam1_2026-06-09_14-58-47_capt1680_1681.json,c2eeccf1f590a136daf8c2d2c2bcc892b0a92059fba71bde62b115eaa078c765,ba45b4f9a05ac44f75938e91c9e55ec2660bbcd297047a21b551d7844b6f45cd
Cam1_2026-06-09_14-58-48_capt1690_1691.jpg,train,1690,4752,3168,2026-06-09T04:58:47.592000+00:00,-37.7979478072,144.9893010958,0.6038679609533425,0.98,-2.000093460083008,True,False,C:\Users\61411\Documents\Codex\2026-05-24\i-am-developing-a-new-research\geotagged\cam1\Cam1_2026-06-09_14-58-48_capt1690_1691.jpg,C:\Users\61411\Documents\Codex\2026-05-24\i-am-developing-a-new-research\experiments\geotagged_cam1_complete_sbg_ins_metadata_v4_20260811\metadata\Cam1_2026-06-09_14-58-48_capt1690_1691.json,d7093862403b0b7a2b59f1ee5940d40ecd85b99595080197940073f14a37a82d,0e359ccc516238e2a3ff16cb1ff63d404bfe680f850e9b3f88a849b70701abbd
Cam1_2026-06-09_14-58-50_capt1700_1701.jpg,train,1700,4752,3168,2026-06-09T04:58:48.842000+00:00,-37.7978802753,144.9893133986,0.6038679609533425,0.98,-2.000093460083008,True,False,C:\Users\61411\Documents\Codex\2026-05-24\i-am-developing-a-new-research\geotagged\cam1\Cam1_2026-06-09_14-58-50_capt1700_1701.jpg,C:\Users\61411\Documents\Codex\2026-05-24\i-am-developing-a-new-research\experiments\geotagged_cam1_complete_sbg_ins_metadata_v4_20260811\metadata\Cam1_2026-06-09_14-58-50_capt1700_1701.json,ad026ba97c13f2c2f2cff06a6458ff4dfbe9a9c527ed8a64673f7d5f3f0bc885,df72f9a920cb5769ca4a5d6313b3123d3ea5176ea6b579465343c579f936db0a
Cam1_2026-06-09_14-58-51_capt1710_1711.jpg,train,1710,4752,3168,2026-06-09T04:58:50.092000+00:00,-37.797806821,144.9893260799,0.6038679609533425,0.97824023505121,-2.000093460083008,True,False,C:\Users\61411\Documents\Codex\2026-05-24\i-am-developing-a-new-research\geotagged\cam1\Cam1_2026-06-09_14-58-51_capt1710_1711.jpg,C:\Users\61411\Documents\Codex\2026-05-24\i-am-developing-a-new-research\experiments\geotagged_cam1_complete_sbg_ins_metadata_v4_20260811\metadata\Cam1_2026-06-09_14-58-51_capt1710_1711.json,6fcc7414536dd55315f60c8ae79bc3c6ab8875b3736655cdeea189d54099b825,5edb7f930e24840eacad87a9402ce66d7698011924678674e721566da33b606e
Cam1_2026-06-09_14-58-52_capt1720_1721.jpg,train,1720,4752,3168,2026-06-09T04:58:51.342000+00:00,-37.7977297068,144.9893369529,0.6038679609533425,0.97824023505121,-2.000093460083008,True,True,C:\Users\61411\Documents\Codex\2026-05-24\i-am-developing-a-new-research\geotagged\cam1\Cam1_2026-06-09_14-58-52_capt1720_1721.jpg,C:\Users\61411\Documents\Codex\2026-05-24\i-am-developing-a-new-research\experiments\geotagged_cam1_complete_sbg_ins_metadata_v4_20260811\metadata\Cam1_2026-06-09_14-58-52_capt1720_1721.json,ea191c1b0898f1376ff026493b24455d953dfe509ccb57b2013e81b259a26f22,0956ecd68f821405aedfaf19433da20e0c56e121748ad1393a577566c74f3821
Cam1_2026-06-09_14-58-53_capt1728_1729.jpg,train,1728,4752,3168,2026-06-09T04:58:52.341000+00:00,-37.7976690638,144.9893454026,0.7375553015047497,0.97824023505121,-1.0001659393310547,True,False,C:\Users\61411\Documents\Codex\2026-05-24\i-am-developing-a-new-research\geotagged\cam1\Cam1_2026-06-09_14-58-53_capt1728_1729.jpg,C:\Users\61411\Documents\Codex\2026-05-24\i-am-developing-a-new-research\experiments\geotagged_cam1_complete_sbg_ins_metadata_v4_20260811\metadata\Cam1_2026-06-09_14-58-53_capt1728_1729.json,141dafd59fff8bd086bb3d6869c03faa8219e82db791e5f7381fc06a4a01a9c2,9a864a00253a24f8c9d7a788ecd4064151e31cd866c6c03a89c20ccd2ecd4ffe
Cam1_2026-06-09_14-58-54_capt1736_1737.jpg,train,1736,4752,3168,2026-06-09T04:58:53.341000+00:00,-37.7976109693,144.9893555178,0.7375553015047497,0.9762857097579093,-1.0001659393310547,True,False,C:\Users\61411\Documents\Codex\2026-05-24\i-am-developing-a-new-research\geotagged\cam1\Cam1_2026-06-09_14-58-54_capt1736_1737.jpg,C:\Users\61411\Documents\Codex\2026-05-24\i-am-developing-a-new-research\experiments\geotagged_cam1_complete_sbg_ins_metadata_v4_20260811\metadata\Cam1_2026-06-09_14-58-54_capt1736_1737.json,7ef0c58179cacba526fc1acd14f1eb699d148539319df5f85f3d6d592c6e8c4f,24de81161ef5028d826f92ee434178d93469367deadfa3e9276c025a21387868
Cam1_2026-06-09_14-58-55_capt1744_1745.jpg,train,1744,4752,3168,2026-06-09T04:58:54.341000+00:00,-37.7975577185,144.9893653502,0.7374323858644201,0.9762857097579093,-1.0001659393310547,True,False,C:\Users\61411\Documents\Codex\2026-05-24\i-am-developing-a-new-research\geotagged\cam1\Cam1_2026-06-09_14-58-55_capt1744_1745.jpg,C:\Users\61411\Documents\Codex\2026-05-24\i-am-developing-a-new-research\experiments\geotagged_cam1_complete_sbg_ins_metadata_v4_20260811\metadata\Cam1_2026-06-09_14-58-55_capt1744_1745.json,0ebf4d623c58802a0cc133a35d2d73c538f0ff769bf784eeb90ce8491ac41062,25734a03f942f04cd7400253b260cf0d3ef0764faec2824a57db2b7dc557b31f
Cam1_2026-06-09_14-58-56_capt1752_1753.jpg,train,1752,4752,3168,2026-06-09T04:58:55.341000+00:00,-37.797511592,144.9893730226,0.7374323858644201,0.97824023505121,-1.0001659393310547,True,False,C:\Users\61411\Documents\Codex\2026-05-24\i-am-developing-a-new-research\geotagged\cam1\Cam1_2026-06-09_14-58-56_capt1752_1753.jpg,C:\Users\61411\Documents\Codex\2026-05-24\i-am-developing-a-new-research\experiments\geotagged_cam1_complete_sbg_ins_metadata_v4_20260811\metadata\Cam1_2026-06-09_14-58-56_capt1752_1753.json,9778b69199f5e461eba5c31515429a4568d2491a92b8c7f6345720861902e3da,fdacd23632ba5540e3ad163d9132ac82a2469a4d7999195a92d462d26318e9b8
Cam1_2026-06-09_14-58-57_capt1760_1761.jpg,train,1760,4752,3168,2026-06-09T04:58:56.341000+00:00,-37.7974675012,144.9893743354,0.7374323858644201,0.9762857097579093,-1.0001659393310547,True,False,C:\Users\61411\Documents\Codex\2026-05-24\i-am-developing-a-new-research\geotagged\cam1\Cam1_2026-06-09_14-58-57_capt1760_1761.jpg,C:\Users\61411\Documents\Codex\2026-05-24\i-am-developing-a-new-research\experiments\geotagged_cam1_complete_sbg_ins_metadata_v4_20260811\metadata\Cam1_2026-06-09_14-58-57_capt1760_1761.json,a05a489f3d54a7f0e12448ecda7ea557cf7cbc75d82c605387b05ab42ac7284b,df9d8cbe982e989e44f3df81d3885673186f4ff4b251060feb6f12f1ac682725
Cam1_2026-06-09_14-58-58_capt1768_1769.jpg,train,1768,4752,3168,2026-06-09T04:58:57.341000+00:00,-37.7974256897,144.9893653304,0.7373094907083235,0.9762857097579093,-1.0001659393310547,True,False,C:\Users\61411\Documents\Codex\2026-05-24\i-am-developing-a-new-research\geotagged\cam1\Cam1_2026-06-09_14-58-58_capt1768_1769.jpg,C:\Users\61411\Documents\Codex\2026-05-24\i-am-developing-a-new-research\experiments\geotagged_cam1_complete_sbg_ins_metadata_v4_20260811\metadata\Cam1_2026-06-09_14-58-58_capt1768_1769.json,6ca5b99bdef892ac2dfc8bfcc6883c6b44184d7404f6c257f9dbe29426a6b49e,05a0290d534d4d3f4474804560c9c266ec4014af91dbc49f199d0978803c83e4
Cam1_2026-06-09_14-58-59_capt1776_1777.jpg,train,1776,4752,3168,2026-06-09T04:58:58.340000+00:00,-37.7973863586,144.9893561644,0.9004316490107465,0.97824023505121,0.0,True,False,C:\Users\61411\Documents\Codex\2026-05-24\i-am-developing-a-new-research\geotagged\cam1\Cam1_2026-06-09_14-58-59_capt1776_1777.jpg,C:\Users\61411\Documents\Codex\2026-05-24\i-am-developing-a-new-research\experiments\geotagged_cam1_complete_sbg_ins_metadata_v4_20260811\metadata\Cam1_2026-06-09_14-58-59_capt1776_1777.json,13cf59ce4897b6459d54b4ed3d272cd55cb7721943e9caee5fdc4ea1e57d2cb6,ed5b28f9a32fea36711d0af89d088e4bb02d000f65415899eb55bd14707be3d0
Cam1_2026-06-09_14-59-00_capt1785_1786.jpg,train,1785,4752,3168,2026-06-09T04:58:59.465000+00:00,-37.7973440223,144.9893623726,0.9001315551461656,0.9762857097579093,0.0,True,True,C:\Users\61411\Documents\Codex\2026-05-24\i-am-developing-a-new-research\geotagged\cam1\Cam1_2026-06-09_14-59-00_capt1785_1786.jpg,C:\Users\61411\Documents\Codex\2026-05-24\i-am-developing-a-new-research\experiments\geotagged_cam1_complete_sbg_ins_metadata_v4_20260811\metadata\Cam1_2026-06-09_14-59-00_capt1785_1786.json,da8df1a5fb9b2859ce1ada667391ba880d144002dfc2ce2321547826fcb24060,ddf2a2735083a733a2ea03e5d00367ae606c4ffe71fe9db1506d0723d16d1731
Cam1_2026-06-09_14-59-01_capt1795_1796.jpg,train,1795,4752,3168,2026-06-09T04:59:00.715000+00:00,-37.7973144232,144.9894022893,0.9001315551461656,0.9762857097579093,0.0,True,True,C:\Users\61411\Documents\Codex\2026-05-24\i-am-developing-a-new-research\geotagged\cam1\Cam1_2026-06-09_14-59-01_capt1795_1796.jpg,C:\Users\61411\Documents\Codex\2026-05-24\i-am-developing-a-new-research\experiments\geotagged_cam1_complete_sbg_ins_metadata_v4_20260811\metadata\Cam1_2026-06-09_14-59-01_capt1795_1796.json,929e4d9fd7c490f736973b7682f1c0bae4419854f3a0547b319dc0b64a15ac27,6d1e01c644946c51f8bc6a46168eb21f16ae47f8cebff90b9d791e1b07db5ecb
Cam1_2026-06-09_14-59-02_capt1803_1804.jpg,train,1803,4752,3168,2026-06-09T04:59:01.715000+00:00,-37.7973116847,144.9894446756,0.9001315551461656,0.9762857097579093,0.0,True,False,C:\Users\61411\Documents\Codex\2026-05-24\i-am-developing-a-new-research\geotagged\cam1\Cam1_2026-06-09_14-59-02_capt1803_1804.jpg,C:\Users\61411\Documents\Codex\2026-05-24\i-am-developing-a-new-research\experiments\geotagged_cam1_complete_sbg_ins_metadata_v4_20260811\metadata\Cam1_2026-06-09_14-59-02_capt1803_1804.json,0e5286737c2532039970dbd7ec0f24aa5ac63d00e92db85d20757fe95b824c4f,36ccce42457cb52c6223e33772633ec4ea1f3798732bd94043c56563d67ff819
Cam1_2026-06-09_14-59-04_capt1812_1813.jpg,train,1812,4752,3168,2026-06-09T04:59:02.840000+00:00,-37.7973312132,144.989485019,0.900281589574545,0.9743350896087494,0.0,True,False,C:\Users\61411\Documents\Codex\2026-05-24\i-am-developing-a-new-research\geotagged\cam1\Cam1_2026-06-09_14-59-04_capt1812_1813.jpg,C:\Users\61411\Documents\Codex\2026-05-24\i-am-developing-a-new-research\experiments\geotagged_cam1_complete_sbg_ins_metadata_v4_20260811\metadata\Cam1_2026-06-09_14-59-04_capt1812_1813.json,e8d632f9958a2de8e0fcd6f75cf3a52ead933b63eea926051adb711d6886f5a3,37962f2b609b1ec9bd62b217261c40902933674282b5f45bfd56db9c34dad0a6
Cam1_2026-06-09_14-59-05_capt1821_1822.jpg,train,1821,4752,3168,2026-06-09T04:59:03.965000+00:00,-37.7973655392,144.9895023389,0.900281589574545,0.9743350896087494,0.0,True,False,C:\Users\61411\Documents\Codex\2026-05-24\i-am-developing-a-new-research\geotagged\cam1\Cam1_2026-06-09_14-59-05_capt1821_1822.jpg,C:\Users\61411\Documents\Codex\2026-05-24\i-am-developing-a-new-research\experiments\geotagged_cam1_complete_sbg_ins_metadata_v4_20260811\metadata\Cam1_2026-06-09_14-59-05_capt1821_1822.json,8b111fc02d4710830b1e126dad379f908c18325b3c2a52cb8f37d05037016c9b,ffd5ff7b9e7768ba152af7c6188a2ac3f3148a7cef1022b4d0790d864c1560ee
Cam1_2026-06-09_14-59-06_capt1830_1831.jpg,train,1830,4752,3168,2026-06-09T04:59:05.090000+00:00,-37.7974005597,144.9894927163,0.900281589574545,0.9762857097579093,0.0,True,True,C:\Users\61411\Documents\Codex\2026-05-24\i-am-developing-a-new-research\geotagged\cam1\Cam1_2026-06-09_14-59-06_capt1830_1831.jpg,C:\Users\61411\Documents\Codex\2026-05-24\i-am-developing-a-new-research\experiments\geotagged_cam1_complete_sbg_ins_metadata_v4_20260811\metadata\Cam1_2026-06-09_14-59-06_capt1830_1831.json,2c01211538db1caecba56bd435d47c7d29632f8a7df58bddda935733ce326f15,88aa6ebc1c223043409590866fa32f40323d5d1bc221f70353245504c3e1ef1b
Cam1_2026-06-09_14-59-06_capt1835_1836.jpg,train,1835,4752,3168,2026-06-09T04:59:05.715000+00:00,-37.7974165313,144.9894766331,0.900281589574545,0.9762857097579093,0.0,True,True,C:\Users\61411\Documents\Codex\2026-05-24\i-am-developing-a-new-research\geotagged\cam1\Cam1_2026-06-09_14-59-06_capt1835_1836.jpg,C:\Users\61411\Documents\Codex\2026-05-24\i-am-developing-a-new-research\experiments\geotagged_cam1_complete_sbg_ins_metadata_v4_20260811\metadata\Cam1_2026-06-09_14-59-06_capt1835_1836.json,41468ffeb75750ff11a102a99a42646404dffbf5c89f5f791d9f1c42dbf7b986,452e1c675f69902523feffc84b6fcf8553dbfc745b2b15b613a2656e6321ec29
Cam1_2026-06-09_14-59-07_capt1840_1841.jpg,train,1840,4752,3168,2026-06-09T04:59:06.339000+00:00,-37.797425435,144.9894555694,0.7370989086120935,0.9762857097579093,0.9999275207519531,True,True,C:\Users\61411\Documents\Codex\2026-05-24\i-am-developing-a-new-research\geotagged\cam1\Cam1_2026-06-09_14-59-07_capt1840_1841.jpg,C:\Users\61411\Documents\Codex\2026-05-24\i-am-developing-a-new-research\experiments\geotagged_cam1_complete_sbg_ins_metadata_v4_20260811\metadata\Cam1_2026-06-09_14-59-07_capt1840_1841.json,8fb6c6d26e2c82e8b70bf253bd6462082c543a5513a17944d0c921e75bdf6341,d645b185515e9b0aeb61dda98bb9ae99dde2fdaeec5822b43f0d500299f2bf6c
Cam1_2026-06-09_14-59-08_capt1850_1851.jpg,train,1850,4752,3168,2026-06-09T04:59:07.589000+00:00,-37.7974256373,144.9894084118,0.7372217686682492,0.97824023505121,0.9999275207519531,True,True,C:\Users\61411\Documents\Codex\2026-05-24\i-am-developing-a-new-research\geotagged\cam1\Cam1_2026-06-09_14-59-08_capt1850_1851.jpg,C:\Users\61411\Documents\Codex\2026-05-24\i-am-developing-a-new-research\experiments\geotagged_cam1_complete_sbg_ins_metadata_v4_20260811\metadata\Cam1_2026-06-09_14-59-08_capt1850_1851.json,0b1e1e6068f2a8cf18568c96a6f7913479820a72850201a47726daa5289fcea3,11b87358259b6e1e442425b1b19bfb7afab7725f6e12b17b6f5d80965aeb476d
Cam1_2026-06-09_14-59-10_capt1865_1866.jpg,train,1865,4752,3168,2026-06-09T04:59:09.464000+00:00,-37.7973891021,144.9893598156,0.7373446492027873,0.97824023505121,0.9999275207519531,True,False,C:\Users\61411\Documents\Codex\2026-05-24\i-am-developing-a-new-research\geotagged\cam1\Cam1_2026-06-09_14-59-10_capt1865_1866.jpg,C:\Users\61411\Documents\Codex\2026-05-24\i-am-developing-a-new-research\experiments\geotagged_cam1_complete_sbg_ins_metadata_v4_20260811\metadata\Cam1_2026-06-09_14-59-10_capt1865_1866.json,8afccd43ab524d4032de61ce07d2c6135284a4281689114c3224f1856df99ac4,0d78fd05b6752ca41c9d3045b45724be9cfb3348f745f03a6be7ee9e2447f062
Cam1_2026-06-09_14-59-12_capt1880_1881.jpg,train,1880,4752,3168,2026-06-09T04:59:11.338000+00:00,-37.7973346284,144.9893693651,0.6037961152357194,0.97824023505121,1.9998550415039062,True,True,C:\Users\61411\Documents\Codex\2026-05-24\i-am-developing-a-new-research\geotagged\cam1\Cam1_2026-06-09_14-59-12_capt1880_1881.jpg,C:\Users\61411\Documents\Codex\2026-05-24\i-am-developing-a-new-research\experiments\geotagged_cam1_complete_sbg_ins_metadata_v4_20260811\metadata\Cam1_2026-06-09_14-59-12_capt1880_1881.json,eecff520437be193c5ae519a8b8b6d1268a2743a76ce66dbda8c20a8396e85bd,6f53a32117d1ea1ab38fe7b6b67b629edc68222c9b2fc6367b34c5fbb43162c8
Cam1_2026-06-09_14-59-13_capt1885_1886.jpg,train,1885,4752,3168,2026-06-09T04:59:11.963000+00:00,-37.7973158075,144.9893815446,0.6037961152357194,0.97824023505121,1.9998550415039062,True,True,C:\Users\61411\Documents\Codex\2026-05-24\i-am-developing-a-new-research\geotagged\cam1\Cam1_2026-06-09_14-59-13_capt1885_1886.jpg,C:\Users\61411\Documents\Codex\2026-05-24\i-am-developing-a-new-research\experiments\geotagged_cam1_complete_sbg_ins_metadata_v4_20260811\metadata\Cam1_2026-06-09_14-59-13_capt1885_1886.json,0e80cfbb11b8120c7ab4e0bc25ba32411041c79a439bd604165422dda9042578,cd7c9b58e4de56bd79bc819a58c4e8cab04a74d533df9782c57149278eed4923
Cam1_2026-06-09_14-59-15_capt1902_1903.jpg,train,1902,4752,3168,2026-06-09T04:59:14.088000+00:00,-37.7972464535,144.989418438,0.603896756308115,0.97824023505121,1.9998550415039062,True,False,C:\Users\61411\Documents\Codex\2026-05-24\i-am-developing-a-new-research\geotagged\cam1\Cam1_2026-06-09_14-59-15_capt1902_1903.jpg,C:\Users\61411\Documents\Codex\2026-05-24\i-am-developing-a-new-research\experiments\geotagged_cam1_complete_sbg_ins_metadata_v4_20260811\metadata\Cam1_2026-06-09_14-59-15_capt1902_1903.json,34f00c6481c02b1bbf9ed69af40b4f67f53e8f1f7708add36e10e2ea6f7c6ae8,4861ff99e0e3fbabcdfe650a645f3e1e7fa36dc060e0a152c1ef07c4f093fb2f
Cam1_2026-06-09_14-59-16_capt1911_1912.jpg,train,1911,4752,3168,2026-06-09T04:59:15.213000+00:00,-37.7972026872,144.9894313619,0.603896756308115,0.97824023505121,1.9998550415039062,True,False,C:\Users\61411\Documents\Codex\2026-05-24\i-am-developing-a-new-research\geotagged\cam1\Cam1_2026-06-09_14-59-16_capt1911_1912.jpg,C:\Users\61411\Documents\Codex\2026-05-24\i-am-developing-a-new-research\experiments\geotagged_cam1_complete_sbg_ins_metadata_v4_20260811\metadata\Cam1_2026-06-09_14-59-16_capt1911_1912.json,a4006dd620b781588d38f68dabea811456cb2c00b4a2aab82a0f738193010d16,1129704618a90fe2c648b27c4d96850058f27d179e5cbd5d00be5cae8c2b6540
Cam1_2026-06-09_14-59-17_capt1920_1921.jpg,train,1920,4752,3168,2026-06-09T04:59:16.337000+00:00,-37.7971516812,144.9894416736,0.603896756308115,0.97824023505121,-1.9998550415039062,True,False,C:\Users\61411\Documents\Codex\2026-05-24\i-am-developing-a-new-research\geotagged\cam1\Cam1_2026-06-09_14-59-17_capt1920_1921.jpg,C:\Users\61411\Documents\Codex\2026-05-24\i-am-developing-a-new-research\experiments\geotagged_cam1_complete_sbg_ins_metadata_v4_20260811\metadata\Cam1_2026-06-09_14-59-17_capt1920_1921.json,097071f80369fa9ca46c0172ae3f1dff21230362ab4e78fb828777c9dd3060bf,4f53986b4c22a5b539d25bf07f6459361576f49a97f992cdfc0ac89f7948d9ba
Cam1_2026-06-09_14-59-19_capt1937_1938.jpg,train,1937,4752,3168,2026-06-09T04:59:18.462000+00:00,-37.7970330578,144.9894613761,0.603896756308115,0.97824023505121,-1.9998550415039062,True,False,C:\Users\61411\Documents\Codex\2026-05-24\i-am-developing-a-new-research\geotagged\cam1\Cam1_2026-06-09_14-59-19_capt1937_1938.jpg,C:\Users\61411\Documents\Codex\2026-05-24\i-am-developing-a-new-research\experiments\geotagged_cam1_complete_sbg_ins_metadata_v4_20260811\metadata\Cam1_2026-06-09_14-59-19_capt1937_1938.json,f8790804486cc8cbe63add78b574c84a9369900a67a3aaf45f7f6b6104bf002b,404511f69691cb80daa846fdb743dacfd91f8d0ecdca4bff1f7fadee99c15938
Cam1_2026-06-09_14-59-20_capt1946_1947.jpg,train,1946,4752,3168,2026-06-09T04:59:19.587000+00:00,-37.7969667666,144.9894723064,0.603896756308115,0.97824023505121,-1.9998550415039062,True,False,C:\Users\61411\Documents\Codex\2026-05-24\i-am-developing-a-new-research\geotagged\cam1\Cam1_2026-06-09_14-59-20_capt1946_1947.jpg,C:\Users\61411\Documents\Codex\2026-05-24\i-am-developing-a-new-research\experiments\geotagged_cam1_complete_sbg_ins_metadata_v4_20260811\metadata\Cam1_2026-06-09_14-59-20_capt1946_1947.json,cf00f08670105b098117e5f809195183d18614811014bf91821e928639cfef40,a3d629139f88f61c904623a86632a65f0a16a1d2ca3e2291849666d78fc4e134
Cam1_2026-06-09_14-59-21_capt1955_1956.jpg,train,1955,4752,3168,2026-06-09T04:59:20.712000+00:00,-37.7969035643,144.9894837893,0.603896756308115,0.97824023505121,-1.9998550415039062,True,True,C:\Users\61411\Documents\Codex\2026-05-24\i-am-developing-a-new-research\geotagged\cam1\Cam1_2026-06-09_14-59-21_capt1955_1956.jpg,C:\Users\61411\Documents\Codex\2026-05-24\i-am-developing-a-new-research\experiments\geotagged_cam1_complete_sbg_ins_metadata_v4_20260811\metadata\Cam1_2026-06-09_14-59-21_capt1955_1956.json,18105574cfd136f6c888b95bb41a027556f4ebe76270e023c84dab6a58b58104,4cd0187e9b34085679e0c88fa18c559d4ccd153338201b6a8bdbe02f484d94e3
Cam1_2026-06-09_14-59-23_capt1965_1966.jpg,train,1965,4752,3168,2026-06-09T04:59:21.961000+00:00,-37.796846617,144.9894939539,0.737590471720665,0.97824023505121,-0.9999275207519531,True,False,C:\Users\61411\Documents\Codex\2026-05-24\i-am-developing-a-new-research\geotagged\cam1\Cam1_2026-06-09_14-59-23_capt1965_1966.jpg,C:\Users\61411\Documents\Codex\2026-05-24\i-am-developing-a-new-research\experiments\geotagged_cam1_complete_sbg_ins_metadata_v4_20260811\metadata\Cam1_2026-06-09_14-59-23_capt1965_1966.json,5c5c8d4669e7b0642810892f387a8d9e24981fef4894e90e477ffc71dacd1080,733479bd469f52b7f446f44936a4818cf132a7d94a944d92ce3147a4ce04fdcc
Cam1_2026-06-09_14-59-24_capt1975_1976.jpg,train,1975,4752,3168,2026-06-09T04:59:23.211000+00:00,-37.796812638,144.9894997835,0.737590471720665,0.97824023505121,-0.9999275207519531,True,False,C:\Users\61411\Documents\Codex\2026-05-24\i-am-developing-a-new-research\geotagged\cam1\Cam1_2026-06-09_14-59-24_capt1975_1976.jpg,C:\Users\61411\Documents\Codex\2026-05-24\i-am-developing-a-new-research\experiments\geotagged_cam1_complete_sbg_ins_metadata_v4_20260811\metadata\Cam1_2026-06-09_14-59-24_capt1975_1976.json,c75a24d633a73afef5f36aedaf81ab8e2d246911073129f89840e23e54650010,0f4012581d69aeae88f0663dbf6c0f34826dfea9227382770f1fc24b8746555c
Cam1_2026-06-09_14-59-25_capt1985_1986.jpg,train,1985,4752,3168,2026-06-09T04:59:24.461000+00:00,-37.7967966349,144.989502708,0.737590471720665,0.97824023505121,-0.9999275207519531,True,False,C:\Users\61411\Documents\Codex\2026-05-24\i-am-developing-a-new-research\geotagged\cam1\Cam1_2026-06-09_14-59-25_capt1985_1986.jpg,C:\Users\61411\Documents\Codex\2026-05-24\i-am-developing-a-new-research\experiments\geotagged_cam1_complete_sbg_ins_metadata_v4_20260811\metadata\Cam1_2026-06-09_14-59-25_capt1985_1986.json,675a885f9ec05478c6deeaeb4628e9acb4fb1a4222483d68a8b6d11dec5734f0,460c8c844b46665e1e52edc66a1a70829edf432d8dae099f0dc2067d6cf1031b
Cam1_2026-06-09_14-59-26_capt1995_1996.jpg,train,1995,4752,3168,2026-06-09T04:59:25.711000+00:00,-37.7967700481,144.9895075521,0.737590471720665,0.97824023505121,-0.9999275207519531,True,True,C:\Users\61411\Documents\Codex\2026-05-24\i-am-developing-a-new-research\geotagged\cam1\Cam1_2026-06-09_14-59-26_capt1995_1996.jpg,C:\Users\61411\Documents\Codex\2026-05-24\i-am-developing-a-new-research\experiments\geotagged_cam1_complete_sbg_ins_metadata_v4_20260811\metadata\Cam1_2026-06-09_14-59-26_capt1995_1996.json,0be468b9f945f3909bf845109518f3f7ef45b930e39aa2d781497ae090bf03ee,6173db7173d7cc9e97d4fffd2ff4a323900bbdb24b5b5fd2c687eb00482248dd
Cam1_2026-06-09_14-59-28_capt2005_2006.jpg,train,2005,4752,3168,2026-06-09T04:59:26.961000+00:00,-37.7967273686,144.9895162039,0.737590471720665,0.97824023505121,-0.9999275207519531,True,False,C:\Users\61411\Documents\Codex\2026-05-24\i-am-developing-a-new-research\geotagged\cam1\Cam1_2026-06-09_14-59-28_capt2005_2006.jpg,C:\Users\61411\Documents\Codex\2026-05-24\i-am-developing-a-new-research\experiments\geotagged_cam1_complete_sbg_ins_metadata_v4_20260811\metadata\Cam1_2026-06-09_14-59-28_capt2005_2006.json,cb52d02fed22cc110648ca14c3853c2d5e294bfe5cbdbf233131f3cdc8a8cad4,468cb3b666673e9aad77aecdd8f29db685a6ae98586043efed21a186da28316e
Cam1_2026-06-09_14-59-29_capt2015_2016.jpg,train,2015,4752,3168,2026-06-09T04:59:28.210000+00:00,-37.796674465,144.9895285785,0.9008819774079692,0.97824023505121,0.0,True,True,C:\Users\61411\Documents\Codex\2026-05-24\i-am-developing-a-new-research\geotagged\cam1\Cam1_2026-06-09_14-59-29_capt2015_2016.jpg,C:\Users\61411\Documents\Codex\2026-05-24\i-am-developing-a-new-research\experiments\geotagged_cam1_complete_sbg_ins_metadata_v4_20260811\metadata\Cam1_2026-06-09_14-59-29_capt2015_2016.json,889ff8a08824effe707df5487f8da663a680aab46ed5d9edd2604e7900f56f46,ce002d35fbfac9d188061aab7d5fe3e0f90b60c6ff83c73bf5f6da245974fd9f
Cam1_2026-06-09_14-59-31_capt2028_2029.jpg,train,2028,4752,3168,2026-06-09T04:59:29.835000+00:00,-37.7965985573,144.9895393567,0.9008819774079692,0.97824023505121,0.0,True,False,C:\Users\61411\Documents\Codex\2026-05-24\i-am-developing-a-new-research\geotagged\cam1\Cam1_2026-06-09_14-59-31_capt2028_2029.jpg,C:\Users\61411\Documents\Codex\2026-05-24\i-am-developing-a-new-research\experiments\geotagged_cam1_complete_sbg_ins_metadata_v4_20260811\metadata\Cam1_2026-06-09_14-59-31_capt2028_2029.json,293cdd78dd522d7c311b46d4845f4fd941bb994debfd9ec0ed7dc8f586a88c25,b10713620a4fcd65fd92689a26c154ef3b6e52a07c19983c41004c535599d23f
Cam1_2026-06-09_14-59-32_capt2042_2043.jpg,train,2042,4752,3168,2026-06-09T04:59:31.585000+00:00,-37.7965151725,144.989550669,0.9008819774079692,0.97824023505121,0.0,True,False,C:\Users\61411\Documents\Codex\2026-05-24\i-am-developing-a-new-research\geotagged\cam1\Cam1_2026-06-09_14-59-32_capt2042_2043.jpg,C:\Users\61411\Documents\Codex\2026-05-24\i-am-developing-a-new-research\experiments\geotagged_cam1_complete_sbg_ins_metadata_v4_20260811\metadata\Cam1_2026-06-09_14-59-32_capt2042_2043.json,07e676b5fb1c769ae4e59a7ad083905382402bc40c2824b73a0368055a37479d,52458a41d822b5ccaba279c0e9815063b64e8f3e03965bfc6283dc8c5c0149ec
Cam1_2026-06-09_14-59-34_capt2056_2057.jpg,train,2056,4752,3168,2026-06-09T04:59:33.335000+00:00,-37.7964180779,144.9895680584,0.9008819774079692,0.98,0.0,True,False,C:\Users\61411\Documents\Codex\2026-05-24\i-am-developing-a-new-research\geotagged\cam1\Cam1_2026-06-09_14-59-34_capt2056_2057.jpg,C:\Users\61411\Documents\Codex\2026-05-24\i-am-developing-a-new-research\experiments\geotagged_cam1_complete_sbg_ins_metadata_v4_20260811\metadata\Cam1_2026-06-09_14-59-34_capt2056_2057.json,52ff0139d41d448263edb840a4bad8e30a8c1dbe8211b02431b448951ad1bac4,87462b3f8714e7bb831e07207fc6e56153233099063b442c2cfe53f76a1e67ec
Cam1_2026-06-09_14-59-36_capt2070_2071.jpg,train,2070,4752,3168,2026-06-09T04:59:35.084000+00:00,-37.7963094907,144.9895859786,0.737590471720665,0.98,0.9999275207519531,True,True,C:\Users\61411\Documents\Codex\2026-05-24\i-am-developing-a-new-research\geotagged\cam1\Cam1_2026-06-09_14-59-36_capt2070_2071.jpg,C:\Users\61411\Documents\Codex\2026-05-24\i-am-developing-a-new-research\experiments\geotagged_cam1_complete_sbg_ins_metadata_v4_20260811\metadata\Cam1_2026-06-09_14-59-36_capt2070_2071.json,c692d7bcadeb1a71e612d55309f08ad65f65289c09b0deb4b54349e58e8a3ba9,9827275e214eeac452c0e69cea2615130fa1b1eb76d764474526dd08e695212c
Cam1_2026-06-09_14-59-37_capt2082_2083.jpg,train,2082,4752,3168,2026-06-09T04:59:36.584000+00:00,-37.7962144224,144.9896027871,0.737590471720665,0.98,0.9999275207519531,True,False,C:\Users\61411\Documents\Codex\2026-05-24\i-am-developing-a-new-research\geotagged\cam1\Cam1_2026-06-09_14-59-37_capt2082_2083.jpg,C:\Users\61411\Documents\Codex\2026-05-24\i-am-developing-a-new-research\experiments\geotagged_cam1_complete_sbg_ins_metadata_v4_20260811\metadata\Cam1_2026-06-09_14-59-37_capt2082_2083.json,9014ccf7bc8a24206a1d9672df76ad1e21902274ca90afa9e6a7ed1613b316f6,e36c5d07bf4a9e9836dc01b71d9855ea9a95cd5348b4084d1179883848618981
Cam1_2026-06-09_14-59-39_capt2095_2096.jpg,train,2095,4752,3168,2026-06-09T04:59:38.209000+00:00,-37.7961146376,144.9896206203,0.737590471720665,0.98,0.9999275207519531,True,True,C:\Users\61411\Documents\Codex\2026-05-24\i-am-developing-a-new-research\geotagged\cam1\Cam1_2026-06-09_14-59-39_capt2095_2096.jpg,C:\Users\61411\Documents\Codex\2026-05-24\i-am-developing-a-new-research\experiments\geotagged_cam1_complete_sbg_ins_metadata_v4_20260811\metadata\Cam1_2026-06-09_14-59-39_capt2095_2096.json,0b5f9c8dd9a7829533d0fc50a9af1bc74661d4aa38f6c85d02794aa9a8805721,68d5c51c45fd8ade9f18bcdc746f609e571439d82aaa700d202a1dcafcb65020
Cam1_2026-06-09_14-59-40_capt2105_2106.jpg,train,2105,4752,3168,2026-06-09T04:59:39.458000+00:00,-37.7960411538,144.9896326089,0.6038679609533425,0.98,2.000093460083008,True,True,C:\Users\61411\Documents\Codex\2026-05-24\i-am-developing-a-new-research\geotagged\cam1\Cam1_2026-06-09_14-59-40_capt2105_2106.jpg,C:\Users\61411\Documents\Codex\2026-05-24\i-am-developing-a-new-research\experiments\geotagged_cam1_complete_sbg_ins_metadata_v4_20260811\metadata\Cam1_2026-06-09_14-59-40_capt2105_2106.json,bfb4361312b9d5c2b055d421adf8bbb6abd60e9aa018e6804c2cf31b3ff685de,0d308d0acd1d775895907e711b9dc2ed56350aa1858d0f3285ad5dc4a7a838d0
Cam1_2026-06-09_14-59-42_capt2117_2118.jpg,train,2117,4752,3168,2026-06-09T04:59:40.958000+00:00,-37.7959578813,144.9896451596,0.6038679609533425,0.98,2.000093460083008,True,False,C:\Users\61411\Documents\Codex\2026-05-24\i-am-developing-a-new-research\geotagged\cam1\Cam1_2026-06-09_14-59-42_capt2117_2118.jpg,C:\Users\61411\Documents\Codex\2026-05-24\i-am-developing-a-new-research\experiments\geotagged_cam1_complete_sbg_ins_metadata_v4_20260811\metadata\Cam1_2026-06-09_14-59-42_capt2117_2118.json,e0206d230e05b96c38769f79cba8aae95d435b4773e7d480daa2009694610cc1,8f27273ab09fcf4eb0b25c1408afa122923bd2ed43df6c68a5db4b2aa233b986
Cam1_2026-06-09_14-59-43_capt2130_2131.jpg,train,2130,4752,3168,2026-06-09T04:59:42.583000+00:00,-37.7958727286,144.9896579484,0.6038679609533425,0.98,2.000093460083008,True,True,C:\Users\61411\Documents\Codex\2026-05-24\i-am-developing-a-new-research\geotagged\cam1\Cam1_2026-06-09_14-59-43_capt2130_2131.jpg,C:\Users\61411\Documents\Codex\2026-05-24\i-am-developing-a-new-research\experiments\geotagged_cam1_complete_sbg_ins_metadata_v4_20260811\metadata\Cam1_2026-06-09_14-59-43_capt2130_2131.json,02cee68a7f806f66c0b5b9056ecce4f449341517e47f7996cb0e50744e907ca6,10302bb47573bfac3b0a908f8609e05df0f83c15af73e82bd2f15cf17dde5773
Cam1_2026-06-09_14-59-44_capt2135_2136.jpg,train,2135,4752,3168,2026-06-09T04:59:43.208000+00:00,-37.7958416089,144.989663353,0.6038679609533425,0.98,2.000093460083008,True,True,C:\Users\61411\Documents\Codex\2026-05-24\i-am-developing-a-new-research\geotagged\cam1\Cam1_2026-06-09_14-59-44_capt2135_2136.jpg,C:\Users\61411\Documents\Codex\2026-05-24\i-am-developing-a-new-research\experiments\geotagged_cam1_complete_sbg_ins_metadata_v4_20260811\metadata\Cam1_2026-06-09_14-59-44_capt2135_2136.json,a89e1f793922821482ab9228df323e8108dab672a9991ce4e18c72e1b2a9e818,c1cad9bc2870738dc36dfae442966116c98f6e299f2079bf7c35fec94ad8fa5a
Cam1_2026-06-09_14-59-45_capt2145_2146.jpg,train,2145,4752,3168,2026-06-09T04:59:44.458000+00:00,-37.7957833519,144.9896754039,0.6038679609533425,0.98,2.000093460083008,True,False,C:\Users\61411\Documents\Codex\2026-05-24\i-am-developing-a-new-research\geotagged\cam1\Cam1_2026-06-09_14-59-45_capt2145_2146.jpg,C:\Users\61411\Documents\Codex\2026-05-24\i-am-developing-a-new-research\experiments\geotagged_cam1_complete_sbg_ins_metadata_v4_20260811\metadata\Cam1_2026-06-09_14-59-45_capt2145_2146.json,a8f6d2d74d2cae6202264f7befac1e8add6757c9b83b666346ca5aad76bdb40a,c4dc2c430775cc927542afd0c3605fb713c2892382640125a2fe142b2441f4ae
Cam1_2026-06-09_14-59-46_capt2155_2156.jpg,train,2155,4752,3168,2026-06-09T04:59:45.707000+00:00,-37.7957331854,144.9896864813,0.6038679609533425,0.98,-2.000093460083008,True,False,C:\Users\61411\Documents\Codex\2026-05-24\i-am-developing-a-new-research\geotagged\cam1\Cam1_2026-06-09_14-59-46_capt2155_2156.jpg,C:\Users\61411\Documents\Codex\2026-05-24\i-am-developing-a-new-research\experiments\geotagged_cam1_complete_sbg_ins_metadata_v4_20260811\metadata\Cam1_2026-06-09_14-59-46_capt2155_2156.json,fa97d6746efbf1838181a4a9c9c193be52cb916e41efbfbc794108fd5ca6bf4c,df333450ac3fe06be6e0e7f003d1ca29c706bd7aa94185172faf7033604e9047
Cam1_2026-06-09_14-59-48_capt2165_2166.jpg,train,2165,4752,3168,2026-06-09T04:59:46.957000+00:00,-37.7956855033,144.9896967134,0.6038679609533425,0.98,-2.000093460083008,True,False,C:\Users\61411\Documents\Codex\2026-05-24\i-am-developing-a-new-research\geotagged\cam1\Cam1_2026-06-09_14-59-48_capt2165_2166.jpg,C:\Users\61411\Documents\Codex\2026-05-24\i-am-developing-a-new-research\experiments\geotagged_cam1_complete_sbg_ins_metadata_v4_20260811\metadata\Cam1_2026-06-09_14-59-48_capt2165_2166.json,2fab97d1b5664135f23014015e87eaa07a04643bb1078bc2211948d697261b94,973c43720b7d1b4a6b6ab358aefd37cd1ec6e06cd254a669333f758bc3f95cfd
Cam1_2026-06-09_14-59-49_capt2175_2176.jpg,train,2175,4752,3168,2026-06-09T04:59:48.207000+00:00,-37.7956376101,144.989706089,0.6038679609533425,0.98,-2.000093460083008,True,True,C:\Users\61411\Documents\Codex\2026-05-24\i-am-developing-a-new-research\geotagged\cam1\Cam1_2026-06-09_14-59-49_capt2175_2176.jpg,C:\Users\61411\Documents\Codex\2026-05-24\i-am-developing-a-new-research\experiments\geotagged_cam1_complete_sbg_ins_metadata_v4_20260811\metadata\Cam1_2026-06-09_14-59-49_capt2175_2176.json,391f2dd7cf5ed734ce539087172a66b579b214a3f860e99b8b81b3c42c2bd232,98f882db8187567b386c83a16d6e53185a0d56f51c133c2e6243421bf10e57e7
Cam1_2026-06-09_14-59-50_capt2187_2188.jpg,train,2187,4752,3168,2026-06-09T04:59:49.707000+00:00,-37.7955733291,144.9897172383,0.6038679609533425,0.98,-2.000093460083008,True,False,C:\Users\61411\Documents\Codex\2026-05-24\i-am-developing-a-new-research\geotagged\cam1\Cam1_2026-06-09_14-59-50_capt2187_2188.jpg,C:\Users\61411\Documents\Codex\2026-05-24\i-am-developing-a-new-research\experiments\geotagged_cam1_complete_sbg_ins_metadata_v4_20260811\metadata\Cam1_2026-06-09_14-59-50_capt2187_2188.json,fe2496da0156436836a0b00ee54784e4f729ec7cc154acd09e2ccc4fb937d9be,cbb1c5c8e23844246599bc1d9079f2ab642372aea3c52fa0df529d2acc531b63
Cam1_2026-06-09_14-59-52_capt2200_2201.jpg,train,2200,4752,3168,2026-06-09T04:59:51.331000+00:00,-37.7954954571,144.989730714,0.7375553015047497,0.98,-1.0001659393310547,True,False,C:\Users\61411\Documents\Codex\2026-05-24\i-am-developing-a-new-research\geotagged\cam1\Cam1_2026-06-09_14-59-52_capt2200_2201.jpg,C:\Users\61411\Documents\Codex\2026-05-24\i-am-developing-a-new-research\experiments\geotagged_cam1_complete_sbg_ins_metadata_v4_20260811\metadata\Cam1_2026-06-09_14-59-52_capt2200_2201.json,39fc9fa2c5ed876fe1d3e164188ee46ba5901d8084aec3ff0f95fb9d9d082a5d,514fbf4b6deff733ffab4ce5b0c502a013344fc44c796a5613adfe1278bea129
Cam1_2026-06-09_15-00-55_capt2704_2705.jpg,validation,2704,4752,3168,2026-06-09T05:00:54.321000+00:00,-37.7965890846,144.9886003834,0.7375553015047497,0.98,-1.0001659393310547,True,False,C:\Users\61411\Documents\Codex\2026-05-24\i-am-developing-a-new-research\geotagged\cam1\Cam1_2026-06-09_15-00-55_capt2704_2705.jpg,C:\Users\61411\Documents\Codex\2026-05-24\i-am-developing-a-new-research\experiments\geotagged_cam1_complete_sbg_ins_metadata_v4_20260811\metadata\Cam1_2026-06-09_15-00-55_capt2704_2705.json,96aa9a820e4259cd103acd5cf06f599ee4a7370554415d6e5ba5612824f3efe4,09bd079fe84387b772ace973105ee98b43b62e108e7c431d6a94db513d9bffaf
Cam1_2026-06-09_15-00-56_capt2714_2715.jpg,validation,2714,4752,3168,2026-06-09T05:00:55.571000+00:00,-37.7965760109,144.9884799624,0.7375553015047497,0.98,-1.0001659393310547,True,False,C:\Users\61411\Documents\Codex\2026-05-24\i-am-developing-a-new-research\geotagged\cam1\Cam1_2026-06-09_15-00-56_capt2714_2715.jpg,C:\Users\61411\Documents\Codex\2026-05-24\i-am-developing-a-new-research\experiments\geotagged_cam1_complete_sbg_ins_metadata_v4_20260811\metadata\Cam1_2026-06-09_15-00-56_capt2714_2715.json,e62bab6326dbdf0c9545dd7a20b761e3f6d37a897f7e702bc60d37ca34c68804,df7597dbcc65da09f01b61899410bdde513035806b43cf9ae5f7f141f6cda782
Cam1_2026-06-09_15-00-58_capt2724_2725.jpg,validation,2724,4752,3168,2026-06-09T05:00:56.821000+00:00,-37.7965630024,144.9883521621,0.7375553015047497,0.98,-1.0001659393310547,True,False,C:\Users\61411\Documents\Codex\2026-05-24\i-am-developing-a-new-research\geotagged\cam1\Cam1_2026-06-09_15-00-58_capt2724_2725.jpg,C:\Users\61411\Documents\Codex\2026-05-24\i-am-developing-a-new-research\experiments\geotagged_cam1_complete_sbg_ins_metadata_v4_20260811\metadata\Cam1_2026-06-09_15-00-58_capt2724_2725.json,e814942564c1f1f4666863d0cdca78a5ae14de2763c691dd039f01bf7b38eaf7,f85c0218e3108aac7ffb40d30a3afeeff495055567a36e1cc434b1217b323919
Cam1_2026-06-09_15-00-59_capt2734_2735.jpg,validation,2734,4752,3168,2026-06-09T05:00:58.071000+00:00,-37.7965515606,144.9882288158,0.7375553015047497,0.98,-1.0001659393310547,True,False,C:\Users\61411\Documents\Codex\2026-05-24\i-am-developing-a-new-research\geotagged\cam1\Cam1_2026-06-09_15-00-59_capt2734_2735.jpg,C:\Users\61411\Documents\Codex\2026-05-24\i-am-developing-a-new-research\experiments\geotagged_cam1_complete_sbg_ins_metadata_v4_20260811\metadata\Cam1_2026-06-09_15-00-59_capt2734_2735.json,850fa5b5572c7ba09ae761d2677b32c165fa92b173edf74756d7cdb0a78a3d31,e5ba83cee8b1c11cdfdc44c871c11d444bc499b2cf614cf3aedee91e111263a4
Cam1_2026-06-09_15-01-00_capt2744_2745.jpg,validation,2744,4752,3168,2026-06-09T05:00:59.320000+00:00,-37.7965428844,144.9881182599,0.9007318429232891,0.98,0.0,True,False,C:\Users\61411\Documents\Codex\2026-05-24\i-am-developing-a-new-research\geotagged\cam1\Cam1_2026-06-09_15-01-00_capt2744_2745.jpg,C:\Users\61411\Documents\Codex\2026-05-24\i-am-developing-a-new-research\experiments\geotagged_cam1_complete_sbg_ins_metadata_v4_20260811\metadata\Cam1_2026-06-09_15-01-00_capt2744_2745.json,b6168e498d1c188ec8b25a359995fe1190416f57308c86391894036a257c9611,5ed25a09cf31d91c52662964db48643fe2d31779e0e774d293bf02e0e3351e1c
Cam1_2026-06-09_15-01-01_capt2754_2755.jpg,validation,2754,4752,3168,2026-06-09T05:01:00.570000+00:00,-37.7965359943,144.9880364866,0.9007318429232891,0.98,0.0,True,False,C:\Users\61411\Documents\Codex\2026-05-24\i-am-developing-a-new-research\geotagged\cam1\Cam1_2026-06-09_15-01-01_capt2754_2755.jpg,C:\Users\61411\Documents\Codex\2026-05-24\i-am-developing-a-new-research\experiments\geotagged_cam1_complete_sbg_ins_metadata_v4_20260811\metadata\Cam1_2026-06-09_15-01-01_capt2754_2755.json,a3f63691e13bbc01cadbcf0de0273e0c58c4374973e9f94496e12a452aaa133b,5c5e0efdec611c215f00d30c067e475fc020b76fcc79234dcd187ceff47b36c8
Cam1_2026-06-09_15-01-03_capt2764_2765.jpg,validation,2764,4752,3168,2026-06-09T05:01:01.820000+00:00,-37.7965304515,144.9879790226,0.9007318429232891,0.98,0.0,True,False,C:\Users\61411\Documents\Codex\2026-05-24\i-am-developing-a-new-research\geotagged\cam1\Cam1_2026-06-09_15-01-03_capt2764_2765.jpg,C:\Users\61411\Documents\Codex\2026-05-24\i-am-developing-a-new-research\experiments\geotagged_cam1_complete_sbg_ins_metadata_v4_20260811\metadata\Cam1_2026-06-09_15-01-03_capt2764_2765.json,c9221bd2f30dc45cca84f92cc2a6f04bb40ec2dd6f304c9f7e715a4a8ae3c0c2,1f882fc0938784c7d5cd4ea6e22f739d668f7a620da5cac36b7bbbded27a5196
Cam1_2026-06-09_15-01-04_capt2774_2775.jpg,validation,2774,4752,3168,2026-06-09T05:01:03.070000+00:00,-37.7965265046,144.9879414892,0.9008819774079692,0.98,0.0,True,False,C:\Users\61411\Documents\Codex\2026-05-24\i-am-developing-a-new-research\geotagged\cam1\Cam1_2026-06-09_15-01-04_capt2774_2775.jpg,C:\Users\61411\Documents\Codex\2026-05-24\i-am-developing-a-new-research\experiments\geotagged_cam1_complete_sbg_ins_metadata_v4_20260811\metadata\Cam1_2026-06-09_15-01-04_capt2774_2775.json,e06a3aee5f8914547eb8983b94fca3f646f426cb31af61650ce190fb78c63a53,c5e1132c719b3bad82b53384b8d28241f110b78fa0a076cbc9e728e77b57b629
Cam1_2026-06-09_15-01-05_capt2784_2785.jpg,validation,2784,4752,3168,2026-06-09T05:01:04.320000+00:00,-37.7965242629,144.9879191605,0.9008819774079692,0.98,0.0,True,False,C:\Users\61411\Documents\Codex\2026-05-24\i-am-developing-a-new-research\geotagged\cam1\Cam1_2026-06-09_15-01-05_capt2784_2785.jpg,C:\Users\61411\Documents\Codex\2026-05-24\i-am-developing-a-new-research\experiments\geotagged_cam1_complete_sbg_ins_metadata_v4_20260811\metadata\Cam1_2026-06-09_15-01-05_capt2784_2785.json,f07e96508a938a2f18b769c84b3e723df87d1501f6697e161af9af4e4328cc41,99cd61a53ca10005a09c372626d66a6e6132d63bf5316baa33832c170b5e7457
Cam1_2026-06-09_15-01-06_capt2794_2795.jpg,validation,2794,4752,3168,2026-06-09T05:01:05.570000+00:00,-37.7965233819,144.9879091003,0.9008819774079692,0.98,0.0,True,False,C:\Users\61411\Documents\Codex\2026-05-24\i-am-developing-a-new-research\geotagged\cam1\Cam1_2026-06-09_15-01-06_capt2794_2795.jpg,C:\Users\61411\Documents\Codex\2026-05-24\i-am-developing-a-new-research\experiments\geotagged_cam1_complete_sbg_ins_metadata_v4_20260811\metadata\Cam1_2026-06-09_15-01-06_capt2794_2795.json,3afebe04086a07e4dbdb30695ad74b69e2049ebe0fff63c204cee6937ab1d094,e7475b53ea0287b71c59941845836c031d887ef92db17c9799a746ddaeb35032
Cam1_2026-06-09_15-01-08_capt2804_2805.jpg,validation,2804,4752,3168,2026-06-09T05:01:06.819000+00:00,-37.7965233163,144.9879085122,0.7377134137108332,0.98,0.9999275207519531,True,False,C:\Users\61411\Documents\Codex\2026-05-24\i-am-developing-a-new-research\geotagged\cam1\Cam1_2026-06-09_15-01-08_capt2804_2805.jpg,C:\Users\61411\Documents\Codex\2026-05-24\i-am-developing-a-new-research\experiments\geotagged_cam1_complete_sbg_ins_metadata_v4_20260811\metadata\Cam1_2026-06-09_15-01-08_capt2804_2805.json,a735dade0f6fdd66fbb906e6ad1928995de60b0f384d0561da356d65cca52653,f3f2b7bd598be49746a5f64a0896524db139bbc88df0ba668beae5a68e456d76
Cam1_2026-06-09_15-01-09_capt2814_2815.jpg,validation,2814,4752,3168,2026-06-09T05:01:08.069000+00:00,-37.7965233435,144.9879085225,0.7377134137108332,0.98,0.9999275207519531,True,False,C:\Users\61411\Documents\Codex\2026-05-24\i-am-developing-a-new-research\geotagged\cam1\Cam1_2026-06-09_15-01-09_capt2814_2815.jpg,C:\Users\61411\Documents\Codex\2026-05-24\i-am-developing-a-new-research\experiments\geotagged_cam1_complete_sbg_ins_metadata_v4_20260811\metadata\Cam1_2026-06-09_15-01-09_capt2814_2815.json,0276d4666b7a43c8acb88cf2edf650cc752eecf26a584b004c39e0fe535f57c1,5a079f0c59defdf8d1eaf06dba76dd6dfbc405fd40bd529b7b6c4fb3f0a6dacb
Cam1_2026-06-09_15-01-10_capt2824_2825.jpg,validation,2824,4752,3168,2026-06-09T05:01:09.319000+00:00,-37.7965233573,144.9879085546,0.737590471720665,0.98,0.9999275207519531,True,False,C:\Users\61411\Documents\Codex\2026-05-24\i-am-developing-a-new-research\geotagged\cam1\Cam1_2026-06-09_15-01-10_capt2824_2825.jpg,C:\Users\61411\Documents\Codex\2026-05-24\i-am-developing-a-new-research\experiments\geotagged_cam1_complete_sbg_ins_metadata_v4_20260811\metadata\Cam1_2026-06-09_15-01-10_capt2824_2825.json,f2f31935110165524e22909da3cb70e76f5e46bc804cfdacb51830566b7979a6,ed5eb1191e6bb9ff1b6a7b67d0ebabf67e6291efcf54315c1e309a6a0e289b7a
Cam1_2026-06-09_15-01-11_capt2834_2835.jpg,validation,2834,4752,3168,2026-06-09T05:01:10.569000+00:00,-37.7965228097,144.9879067839,0.737590471720665,0.98,0.9999275207519531,True,False,C:\Users\61411\Documents\Codex\2026-05-24\i-am-developing-a-new-research\geotagged\cam1\Cam1_2026-06-09_15-01-11_capt2834_2835.jpg,C:\Users\61411\Documents\Codex\2026-05-24\i-am-developing-a-new-research\experiments\geotagged_cam1_complete_sbg_ins_metadata_v4_20260811\metadata\Cam1_2026-06-09_15-01-11_capt2834_2835.json,22d594ecbfc1c608ffca9e8862fb7e19a5d815a5d9e3d07ad18a78baaff0d159,ab066b6d7e1d53001d245a7540f50c40dd0dc71b2550beff5dfadc6a415c7d75
Cam1_2026-06-09_15-01-13_capt2844_2845.jpg,validation,2844,4752,3168,2026-06-09T05:01:11.818000+00:00,-37.7965200337,144.9878882316,0.6036954909354381,0.98,1.9998550415039062,True,False,C:\Users\61411\Documents\Codex\2026-05-24\i-am-developing-a-new-research\geotagged\cam1\Cam1_2026-06-09_15-01-13_capt2844_2845.jpg,C:\Users\61411\Documents\Codex\2026-05-24\i-am-developing-a-new-research\experiments\geotagged_cam1_complete_sbg_ins_metadata_v4_20260811\metadata\Cam1_2026-06-09_15-01-13_capt2844_2845.json,f0f7bbfbde4eb0e0657914be5fbf605626ab6c8613159e2384218c77739d6779,b29854a0ba8b8d1e010a81ac4195d1fec0893242f7b488b8a5e4177b75781fe7
Cam1_2026-06-09_15-01-14_capt2854_2855.jpg,validation,2854,4752,3168,2026-06-09T05:01:13.068000+00:00,-37.7965248849,144.9878601997,0.603594883404476,0.98,1.9998550415039062,True,False,C:\Users\61411\Documents\Codex\2026-05-24\i-am-developing-a-new-research\geotagged\cam1\Cam1_2026-06-09_15-01-14_capt2854_2855.jpg,C:\Users\61411\Documents\Codex\2026-05-24\i-am-developing-a-new-research\experiments\geotagged_cam1_complete_sbg_ins_metadata_v4_20260811\metadata\Cam1_2026-06-09_15-01-14_capt2854_2855.json,3b3d54a1ca2ff3e67a3a22dfe8edc09197c09aad580ecda68c25c967bce04c5c,aca03caccb4f64849c7c4dc565e8f478a46c40d4156c7d17fa0a5b6fd8269055
Cam1_2026-06-09_15-01-15_capt2864_2865.jpg,validation,2864,4752,3168,2026-06-09T05:01:14.318000+00:00,-37.7965516747,144.9878354109,0.6036954909354381,0.98,1.9998550415039062,True,False,C:\Users\61411\Documents\Codex\2026-05-24\i-am-developing-a-new-research\geotagged\cam1\Cam1_2026-06-09_15-01-15_capt2864_2865.jpg,C:\Users\61411\Documents\Codex\2026-05-24\i-am-developing-a-new-research\experiments\geotagged_cam1_complete_sbg_ins_metadata_v4_20260811\metadata\Cam1_2026-06-09_15-01-15_capt2864_2865.json,a613fcc2de9162cfc0c2d3b0220b7f8e55af06cbf6e426fcc1ad7cfdca1e25a6,61cf16e52bfd3c6c46882b318ce9d449e3437efbf1b56acb060ddcb3beade815
Cam1_2026-06-09_15-01-16_capt2874_2875.jpg,validation,2874,4752,3168,2026-06-09T05:01:15.568000+00:00,-37.796600458,144.9878287435,0.6037961152357194,0.98,1.9998550415039062,True,False,C:\Users\61411\Documents\Codex\2026-05-24\i-am-developing-a-new-research\geotagged\cam1\Cam1_2026-06-09_15-01-16_capt2874_2875.jpg,C:\Users\61411\Documents\Codex\2026-05-24\i-am-developing-a-new-research\experiments\geotagged_cam1_complete_sbg_ins_metadata_v4_20260811\metadata\Cam1_2026-06-09_15-01-16_capt2874_2875.json,acf98f9aa0686ed070a4a606f48e798f9f6e5a4e666dcafcc8e7d962376f163d,3d224f6d04a6978f5836d6bf25e325f6a3a52e9e1502149b008b8a19e871454d
Cam1_2026-06-09_15-01-18_capt2884_2885.jpg,validation,2884,4752,3168,2026-06-09T05:01:16.818000+00:00,-37.7966675023,144.9878182086,0.603896756308115,0.98,1.9998550415039062,True,False,C:\Users\61411\Documents\Codex\2026-05-24\i-am-developing-a-new-research\geotagged\cam1\Cam1_2026-06-09_15-01-18_capt2884_2885.jpg,C:\Users\61411\Documents\Codex\2026-05-24\i-am-developing-a-new-research\experiments\geotagged_cam1_complete_sbg_ins_metadata_v4_20260811\metadata\Cam1_2026-06-09_15-01-18_capt2884_2885.json,721a024e91e64a1e8eccca344ca108c2320face6b2523cfad6601f483367e789,e9a41c79307cca0ebc82888cfdf43b52616f9846c03e9813c654352aa8753fec
Cam1_2026-06-09_15-01-19_capt2894_2895.jpg,validation,2894,4752,3168,2026-06-09T05:01:18.068000+00:00,-37.7967501316,144.9878025953,0.603896756308115,0.98,1.9998550415039062,True,False,C:\Users\61411\Documents\Codex\2026-05-24\i-am-developing-a-new-research\geotagged\cam1\Cam1_2026-06-09_15-01-19_capt2894_2895.jpg,C:\Users\61411\Documents\Codex\2026-05-24\i-am-developing-a-new-research\experiments\geotagged_cam1_complete_sbg_ins_metadata_v4_20260811\metadata\Cam1_2026-06-09_15-01-19_capt2894_2895.json,695deee0f77a332cb210f4b6f8e8ce8660836de801d9fbcd4d818f161a168bce,8233f6c61d4e3139bcacbad4d24d2864ffd2561bb15d1fb27139edf99bdeed5c
Cam1_2026-06-09_15-01-20_capt2904_2905.jpg,validation,2904,4752,3168,2026-06-09T05:01:19.317000+00:00,-37.7968370716,144.9877866385,0.603896756308115,0.98,-1.9998550415039062,True,False,C:\Users\61411\Documents\Codex\2026-05-24\i-am-developing-a-new-research\geotagged\cam1\Cam1_2026-06-09_15-01-20_capt2904_2905.jpg,C:\Users\61411\Documents\Codex\2026-05-24\i-am-developing-a-new-research\experiments\geotagged_cam1_complete_sbg_ins_metadata_v4_20260811\metadata\Cam1_2026-06-09_15-01-20_capt2904_2905.json,11dbb37c6dca72c595ca528885ca63b20efc329c23b47fb7ca988ce8d16695d0,80baed1ee182820eda535f0743e7701cee1862fab3cd4edef83a95ee8bfd21f2
Cam1_2026-06-09_15-01-21_capt2914_2915.jpg,validation,2914,4752,3168,2026-06-09T05:01:20.567000+00:00,-37.79692093,144.9877723586,0.603896756308115,0.98,-1.9998550415039062,True,False,C:\Users\61411\Documents\Codex\2026-05-24\i-am-developing-a-new-research\geotagged\cam1\Cam1_2026-06-09_15-01-21_capt2914_2915.jpg,C:\Users\61411\Documents\Codex\2026-05-24\i-am-developing-a-new-research\experiments\geotagged_cam1_complete_sbg_ins_metadata_v4_20260811\metadata\Cam1_2026-06-09_15-01-21_capt2914_2915.json,75633cd020ba4e83cafe1475e0a1bd5a73e7057b835dba285a2b5229a4d50b13,4ba371bf2c73d855e3edd84a5447e1d5a2da8a7b7c3e9cae27c1f8b1007836cc
Cam1_2026-06-09_15-01-23_capt2924_2925.jpg,validation,2924,4752,3168,2026-06-09T05:01:21.817000+00:00,-37.7969983369,144.9877589224,0.603896756308115,0.98,-1.9998550415039062,True,False,C:\Users\61411\Documents\Codex\2026-05-24\i-am-developing-a-new-research\geotagged\cam1\Cam1_2026-06-09_15-01-23_capt2924_2925.jpg,C:\Users\61411\Documents\Codex\2026-05-24\i-am-developing-a-new-research\experiments\geotagged_cam1_complete_sbg_ins_metadata_v4_20260811\metadata\Cam1_2026-06-09_15-01-23_capt2924_2925.json,5bc91cf9bb21d8dd792bf125562f4d5f05e77c6fef41afa90970f1a91debf427,930cf01c704f6d287d96c8d81114e4c095daae10f1d77393d506140e6f1bb94a
Cam1_2026-06-09_15-01-24_capt2934_2935.jpg,validation,2934,4752,3168,2026-06-09T05:01:23.067000+00:00,-37.7970559089,144.9877478905,0.6037961152357194,0.98,-1.9998550415039062,True,False,C:\Users\61411\Documents\Codex\2026-05-24\i-am-developing-a-new-research\geotagged\cam1\Cam1_2026-06-09_15-01-24_capt2934_2935.jpg,C:\Users\61411\Documents\Codex\2026-05-24\i-am-developing-a-new-research\experiments\geotagged_cam1_complete_sbg_ins_metadata_v4_20260811\metadata\Cam1_2026-06-09_15-01-24_capt2934_2935.json,b2a2160444a96b92e4dd3f740228fcd099ee7f096ef17bbea63f6271442635d0,825e46f700f5b8ee36a652eb11bad237d7842301582f8ce523f214bc9759a076
Cam1_2026-06-09_15-01-25_capt2944_2945.jpg,validation,2944,4752,3168,2026-06-09T05:01:24.317000+00:00,-37.7970921759,144.9877398745,0.603896756308115,0.98,-1.9998550415039062,True,False,C:\Users\61411\Documents\Codex\2026-05-24\i-am-developing-a-new-research\geotagged\cam1\Cam1_2026-06-09_15-01-25_capt2944_2945.jpg,C:\Users\61411\Documents\Codex\2026-05-24\i-am-developing-a-new-research\experiments\geotagged_cam1_complete_sbg_ins_metadata_v4_20260811\metadata\Cam1_2026-06-09_15-01-25_capt2944_2945.json,de6ea1b285e47b0d4ae9a952224ee71e3f99a8623daf0a2056c038c391844f72,ad27b3b0c6cef6292326b58bacb46dba635c2212b826d3ab9daaf33312ef2b8d
Cam1_2026-06-09_15-01-26_capt2954_2955.jpg,validation,2954,4752,3168,2026-06-09T05:01:25.566000+00:00,-37.7971177124,144.9877306928,0.737590471720665,0.98,-0.9999275207519531,True,False,C:\Users\61411\Documents\Codex\2026-05-24\i-am-developing-a-new-research\geotagged\cam1\Cam1_2026-06-09_15-01-26_capt2954_2955.jpg,C:\Users\61411\Documents\Codex\2026-05-24\i-am-developing-a-new-research\experiments\geotagged_cam1_complete_sbg_ins_metadata_v4_20260811\metadata\Cam1_2026-06-09_15-01-26_capt2954_2955.json,b1e94dcdd13909e47c4ec46e26500d4aed910ea51f5a38cd7a2a18167eb57219,77f79edaebf80fd4a7d6b5cb1c54255c47aaf433a89636704658dc654188e071
Cam1_2026-06-09_15-01-28_capt2964_2965.jpg,validation,2964,4752,3168,2026-06-09T05:01:26.816000+00:00,-37.7971372694,144.9877186402,0.7374675502191212,0.98,-0.9999275207519531,True,False,C:\Users\61411\Documents\Codex\2026-05-24\i-am-developing-a-new-research\geotagged\cam1\Cam1_2026-06-09_15-01-28_capt2964_2965.jpg,C:\Users\61411\Documents\Codex\2026-05-24\i-am-developing-a-new-research\experiments\geotagged_cam1_complete_sbg_ins_metadata_v4_20260811\metadata\Cam1_2026-06-09_15-01-28_capt2964_2965.json,e6f7be9f8b352548f7c7b70a56c078283a79bc950b9b59a07a88c7e88b2748c6,62410c21cde6dec424bd198707ad96a5fa014ee4e10797fa575a799d54ecc89e
Cam1_2026-06-09_15-01-29_capt2974_2975.jpg,validation,2974,4752,3168,2026-06-09T05:01:28.066000+00:00,-37.7971600834,144.9876919872,0.7374675502191212,0.98,-0.9999275207519531,True,False,C:\Users\61411\Documents\Codex\2026-05-24\i-am-developing-a-new-research\geotagged\cam1\Cam1_2026-06-09_15-01-29_capt2974_2975.jpg,C:\Users\61411\Documents\Codex\2026-05-24\i-am-developing-a-new-research\experiments\geotagged_cam1_complete_sbg_ins_metadata_v4_20260811\metadata\Cam1_2026-06-09_15-01-29_capt2974_2975.json,c1f97057f60a3e3e1c3bb184a4b74c323f07b6b895ac490e6b936ca7eed45cfb,791551862d8e9ef268336115169e609e6b783a6fdf5654c4b2745bd51c2b91e6
Cam1_2026-06-09_15-01-30_capt2984_2985.jpg,validation,2984,4752,3168,2026-06-09T05:01:29.316000+00:00,-37.797175118,144.9876520073,0.7374675502191212,0.98,-0.9999275207519531,True,False,C:\Users\61411\Documents\Codex\2026-05-24\i-am-developing-a-new-research\geotagged\cam1\Cam1_2026-06-09_15-01-30_capt2984_2985.jpg,C:\Users\61411\Documents\Codex\2026-05-24\i-am-developing-a-new-research\experiments\geotagged_cam1_complete_sbg_ins_metadata_v4_20260811\metadata\Cam1_2026-06-09_15-01-30_capt2984_2985.json,d6df580f18a4be19eee26a938b9e9d6383fd57a0bbb6faca6e81c5da14d08a23,6d0d71de9dce50b0627a872c05e8736a0ae5d3caa52a6583bff989517e606bc1
Cam1_2026-06-09_15-01-31_capt2994_2995.jpg,validation,2994,4752,3168,2026-06-09T05:01:30.565000+00:00,-37.7971777154,144.9875999701,0.9007318429232891,0.98,0.0,True,False,C:\Users\61411\Documents\Codex\2026-05-24\i-am-developing-a-new-research\geotagged\cam1\Cam1_2026-06-09_15-01-31_capt2994_2995.jpg,C:\Users\61411\Documents\Codex\2026-05-24\i-am-developing-a-new-research\experiments\geotagged_cam1_complete_sbg_ins_metadata_v4_20260811\metadata\Cam1_2026-06-09_15-01-31_capt2994_2995.json,337f49b8550d318a10fdf51e6c0880f1e429b036655a467ffb64d8b036940b7a,26cdc11d894c4397355880a266a0395315ec40c9db0a6774f53ffed485281d7d
Cam1_2026-06-09_15-01-33_capt3004_3005.jpg,validation,3004,4752,3168,2026-06-09T05:01:31.815000+00:00,-37.7971700178,144.9875301681,0.9007318429232891,0.98,0.0,True,False,C:\Users\61411\Documents\Codex\2026-05-24\i-am-developing-a-new-research\geotagged\cam1\Cam1_2026-06-09_15-01-33_capt3004_3005.jpg,C:\Users\61411\Documents\Codex\2026-05-24\i-am-developing-a-new-research\experiments\geotagged_cam1_complete_sbg_ins_metadata_v4_20260811\metadata\Cam1_2026-06-09_15-01-33_capt3004_3005.json,7bd0de9d5740c78e2620c8ee0a6f819487ee4926a3ebad9609c1c6cac16d5c90,4ee3cd44a480d41428fea7a18b39fa1ed344f0052c94102dc74411935aea066f
Cam1_2026-06-09_15-01-34_capt3014_3015.jpg,validation,3014,4752,3168,2026-06-09T05:01:33.065000+00:00,-37.7971584902,144.9874339129,0.9008819774079692,0.98,0.0,True,False,C:\Users\61411\Documents\Codex\2026-05-24\i-am-developing-a-new-research\geotagged\cam1\Cam1_2026-06-09_15-01-34_capt3014_3015.jpg,C:\Users\61411\Documents\Codex\2026-05-24\i-am-developing-a-new-research\experiments\geotagged_cam1_complete_sbg_ins_metadata_v4_20260811\metadata\Cam1_2026-06-09_15-01-34_capt3014_3015.json,53bcbe4e4ec64d95365e25252e14f24fff5a357fc1a16e787e1e57c995c8828d,9f9bb3726ad3ca079011174e0f638d9b415418d855bfc115578dd1e374deff4c
Cam1_2026-06-09_15-01-35_capt3024_3025.jpg,validation,3024,4752,3168,2026-06-09T05:01:34.315000+00:00,-37.7971461702,144.9873252392,0.9008819774079692,0.98,0.0,True,False,C:\Users\61411\Documents\Codex\2026-05-24\i-am-developing-a-new-research\geotagged\cam1\Cam1_2026-06-09_15-01-35_capt3024_3025.jpg,C:\Users\61411\Documents\Codex\2026-05-24\i-am-developing-a-new-research\experiments\geotagged_cam1_complete_sbg_ins_metadata_v4_20260811\metadata\Cam1_2026-06-09_15-01-35_capt3024_3025.json,82b2a1c81b13a4be68e51e071ccc5153deab783b2188abf83242c736e339d24a,86e5907a17900a93a9fcc409fd52ff1cb6e7671d346e8c846a7cced4ce2098db
Cam1_2026-06-09_15-01-36_capt3034_3035.jpg,validation,3034,4752,3168,2026-06-09T05:01:35.565000+00:00,-37.7971345348,144.9872153093,0.9008819774079692,0.98,0.0,True,False,C:\Users\61411\Documents\Codex\2026-05-24\i-am-developing-a-new-research\geotagged\cam1\Cam1_2026-06-09_15-01-36_capt3034_3035.jpg,C:\Users\61411\Documents\Codex\2026-05-24\i-am-developing-a-new-research\experiments\geotagged_cam1_complete_sbg_ins_metadata_v4_20260811\metadata\Cam1_2026-06-09_15-01-36_capt3034_3035.json,a3031386f4007c4f723aaa429790af22ff91df6428e215f089d35ef68f601724,be4f0e0f7ef54eca32500e06d6221c45c4d82cc311f90d8d22a8d92f745f6144
Cam1_2026-06-09_15-01-38_capt3044_3045.jpg,validation,3044,4752,3168,2026-06-09T05:01:36.815000+00:00,-37.7971242656,144.9871154197,0.9008819774079692,0.98,0.0,True,False,C:\Users\61411\Documents\Codex\2026-05-24\i-am-developing-a-new-research\geotagged\cam1\Cam1_2026-06-09_15-01-38_capt3044_3045.jpg,C:\Users\61411\Documents\Codex\2026-05-24\i-am-developing-a-new-research\experiments\geotagged_cam1_complete_sbg_ins_metadata_v4_20260811\metadata\Cam1_2026-06-09_15-01-38_capt3044_3045.json,37ae9207004c9811a797193c28cbcb2a58255713fc46703110a94b9deee4461e,430b07af271d1c36dd11f7a73d5dd6738c2d93185bd6963c4fdac22ab037bed4
Cam1_2026-06-09_15-01-39_capt3054_3055.jpg,validation,3054,4752,3168,2026-06-09T05:01:38.065000+00:00,-37.7971166298,144.987035479,0.9008819774079692,0.98,0.0,True,False,C:\Users\61411\Documents\Codex\2026-05-24\i-am-developing-a-new-research\geotagged\cam1\Cam1_2026-06-09_15-01-39_capt3054_3055.jpg,C:\Users\61411\Documents\Codex\2026-05-24\i-am-developing-a-new-research\experiments\geotagged_cam1_complete_sbg_ins_metadata_v4_20260811\metadata\Cam1_2026-06-09_15-01-39_capt3054_3055.json,44238f116ae3358a3d6235d9eb0097f04100cdb3a4f3d657cc38e945c00c3d24,9736cfef28f1a928b3a4a6b461751f608857a3baf22ea14caa9c0d4791e18080
Cam1_2026-06-09_15-01-40_capt3064_3065.jpg,validation,3064,4752,3168,2026-06-09T05:01:39.315000+00:00,-37.7971079808,144.9869572503,0.9008819774079692,0.98,0.0,True,False,C:\Users\61411\Documents\Codex\2026-05-24\i-am-developing-a-new-research\geotagged\cam1\Cam1_2026-06-09_15-01-40_capt3064_3065.jpg,C:\Users\61411\Documents\Codex\2026-05-24\i-am-developing-a-new-research\experiments\geotagged_cam1_complete_sbg_ins_metadata_v4_20260811\metadata\Cam1_2026-06-09_15-01-40_capt3064_3065.json,97ece45eb3333e4ea4b3fca9c68b88450c746e0b4b07688765c636463aab8d26,e9a4708e7b0ea8004155f4bdb55dcb2fbfb336e4d8d10131553013c9bc6bd1e8
Cam1_2026-06-09_15-01-41_capt3074_3075.jpg,validation,3074,4752,3168,2026-06-09T05:01:40.564000+00:00,-37.7970983875,144.9868805966,0.7375553015047497,0.98,1.0001659393310547,True,False,C:\Users\61411\Documents\Codex\2026-05-24\i-am-developing-a-new-research\geotagged\cam1\Cam1_2026-06-09_15-01-41_capt3074_3075.jpg,C:\Users\61411\Documents\Codex\2026-05-24\i-am-developing-a-new-research\experiments\geotagged_cam1_complete_sbg_ins_metadata_v4_20260811\metadata\Cam1_2026-06-09_15-01-41_capt3074_3075.json,873691fcf119dee3a80c36c00f68b51302fd7d3a9f5373fef1aa0f1f33de4100,a84741608ea895c07f7d738f279a93e9952a6b9f12385f747e83ec4937e05423
Cam1_2026-06-09_15-01-43_capt3084_3085.jpg,validation,3084,4752,3168,2026-06-09T05:01:41.815000+00:00,-37.7970888114,144.986808533,0.9008819774079692,0.98,0.0,True,False,C:\Users\61411\Documents\Codex\2026-05-24\i-am-developing-a-new-research\geotagged\cam1\Cam1_2026-06-09_15-01-43_capt3084_3085.jpg,C:\Users\61411\Documents\Codex\2026-05-24\i-am-developing-a-new-research\experiments\geotagged_cam1_complete_sbg_ins_metadata_v4_20260811\metadata\Cam1_2026-06-09_15-01-43_capt3084_3085.json,8ca7551b3a6c893bc5064a30c1a821f7ec1c2cd4396cffe06bad1deaaef8b0cd,f1538bb7ae94393f295705669a80f475e10bebff5c42a8ab1cd8a03e731b3080
Cam1_2026-06-09_15-01-44_capt3094_3095.jpg,validation,3094,4752,3168,2026-06-09T05:01:43.064000+00:00,-37.797080581,144.9867410553,0.7375553015047497,0.98,1.0001659393310547,True,False,C:\Users\61411\Documents\Codex\2026-05-24\i-am-developing-a-new-research\geotagged\cam1\Cam1_2026-06-09_15-01-44_capt3094_3095.jpg,C:\Users\61411\Documents\Codex\2026-05-24\i-am-developing-a-new-research\experiments\geotagged_cam1_complete_sbg_ins_metadata_v4_20260811\metadata\Cam1_2026-06-09_15-01-44_capt3094_3095.json,eac9aea45dc3b98be98a0c7f2186d08fd9bb02209efa07baa9240fcebd169708,92d27a7412db869771e2cebce79b34a0953982ce9a1bdf616b8d1b6d91688906
Cam1_2026-06-09_15-01-45_capt3104_3105.jpg,validation,3104,4752,3168,2026-06-09T05:01:44.313000+00:00,-37.7970738136,144.9866764403,0.6038679609533425,0.98,2.000093460083008,True,False,C:\Users\61411\Documents\Codex\2026-05-24\i-am-developing-a-new-research\geotagged\cam1\Cam1_2026-06-09_15-01-45_capt3104_3105.jpg,C:\Users\61411\Documents\Codex\2026-05-24\i-am-developing-a-new-research\experiments\geotagged_cam1_complete_sbg_ins_metadata_v4_20260811\metadata\Cam1_2026-06-09_15-01-45_capt3104_3105.json,b226fb7b996d6e63ead132659a94e489e1d8711028d3324f213bcf4bad254324,1b2ca210a9b00d86da3687609852e436d8be7e3bcc1777b1772cf10c6033e9aa
Cam1_2026-06-09_15-01-46_capt3114_3115.jpg,validation,3114,4752,3168,2026-06-09T05:01:45.563000+00:00,-37.7970659444,144.9866036601,0.6038679609533425,0.98,2.000093460083008,True,False,C:\Users\61411\Documents\Codex\2026-05-24\i-am-developing-a-new-research\geotagged\cam1\Cam1_2026-06-09_15-01-46_capt3114_3115.jpg,C:\Users\61411\Documents\Codex\2026-05-24\i-am-developing-a-new-research\experiments\geotagged_cam1_complete_sbg_ins_metadata_v4_20260811\metadata\Cam1_2026-06-09_15-01-46_capt3114_3115.json,bc85688be322de48464d92d3fc0a75b48d84adb018b91841767304dca7e765ab,b5372f721ce5e75c5b67df29dde5e58185a7ccff2f27be6cc92cb340bfb68538
Cam1_2026-06-09_15-01-48_capt3124_3125.jpg,validation,3124,4752,3168,2026-06-09T05:01:46.813000+00:00,-37.7970561449,144.9865187106,0.6038679609533425,0.98,2.000093460083008,True,False,C:\Users\61411\Documents\Codex\2026-05-24\i-am-developing-a-new-research\geotagged\cam1\Cam1_2026-06-09_15-01-48_capt3124_3125.jpg,C:\Users\61411\Documents\Codex\2026-05-24\i-am-developing-a-new-research\experiments\geotagged_cam1_complete_sbg_ins_metadata_v4_20260811\metadata\Cam1_2026-06-09_15-01-48_capt3124_3125.json,9b71d9fa88605ca600f6f460737ad1c364b1fa608212e0803c4d5d208edd8125,febbf56437cbae5dd729fa1c4cda2528d38e82a8dc522bcf5bad498cbbc1642e
Cam1_2026-06-09_15-01-49_capt3134_3135.jpg,validation,3134,4752,3168,2026-06-09T05:01:48.063000+00:00,-37.7970436876,144.9864226603,0.6038679609533425,0.98,2.000093460083008,True,False,C:\Users\61411\Documents\Codex\2026-05-24\i-am-developing-a-new-research\geotagged\cam1\Cam1_2026-06-09_15-01-49_capt3134_3135.jpg,C:\Users\61411\Documents\Codex\2026-05-24\i-am-developing-a-new-research\experiments\geotagged_cam1_complete_sbg_ins_metadata_v4_20260811\metadata\Cam1_2026-06-09_15-01-49_capt3134_3135.json,e8f64454e4a69b764e1b2d82daddf054395209e87e971797a461bd6f94429aa5,fc621de8691f2aff145f702e00d41282b73c6ce9a7d2491717ebd465634e72bd
Cam1_2026-06-09_15-01-50_capt3144_3145.jpg,validation,3144,4752,3168,2026-06-09T05:01:49.313000+00:00,-37.7970310043,144.9863191944,0.6038679609533425,0.98,2.000093460083008,True,False,C:\Users\61411\Documents\Codex\2026-05-24\i-am-developing-a-new-research\geotagged\cam1\Cam1_2026-06-09_15-01-50_capt3144_3145.jpg,C:\Users\61411\Documents\Codex\2026-05-24\i-am-developing-a-new-research\experiments\geotagged_cam1_complete_sbg_ins_metadata_v4_20260811\metadata\Cam1_2026-06-09_15-01-50_capt3144_3145.json,2a402514552457fa06092b005d10d9b7bbd0587e9c3810977ef68656e61cc2f5,12033ca9e677a38101bd0b616a44f95f93a568647d608325f16f6a237189ba7d
Cam1_2026-06-09_15-01-51_capt3154_3155.jpg,validation,3154,4752,3168,2026-06-09T05:01:50.563000+00:00,-37.7970197476,144.9862100817,0.6038679609533425,0.98,2.000093460083008,True,False,C:\Users\61411\Documents\Codex\2026-05-24\i-am-developing-a-new-research\geotagged\cam1\Cam1_2026-06-09_15-01-51_capt3154_3155.jpg,C:\Users\61411\Documents\Codex\2026-05-24\i-am-developing-a-new-research\experiments\geotagged_cam1_complete_sbg_ins_metadata_v4_20260811\metadata\Cam1_2026-06-09_15-01-51_capt3154_3155.json,6bc6ae93a3bd10adfcd77703a4f129e3473eec03270f979be31fbcdd7dc2bc2b,8cdbe96aa2abf38558a2b9cd5eef35953d194769baed8a96b361015076219fde
Cam1_2026-06-09_15-01-53_capt3164_3165.jpg,validation,3164,4752,3168,2026-06-09T05:01:51.812000+00:00,-37.7970086064,144.9860937907,0.6038679609533425,0.98,-2.000093460083008,True,False,C:\Users\61411\Documents\Codex\2026-05-24\i-am-developing-a-new-research\geotagged\cam1\Cam1_2026-06-09_15-01-53_capt3164_3165.jpg,C:\Users\61411\Documents\Codex\2026-05-24\i-am-developing-a-new-research\experiments\geotagged_cam1_complete_sbg_ins_metadata_v4_20260811\metadata\Cam1_2026-06-09_15-01-53_capt3164_3165.json,01dfd408c6b3981b1c9190ef5d615ce6a6649ec564f683e6fd28f20216f59d6a,87b634eb15d7230b36d0858bbbe787e0f2413a5976e636a967d10ffde7058a7f
Cam1_2026-06-09_15-01-54_capt3174_3175.jpg,validation,3174,4752,3168,2026-06-09T05:01:53.062000+00:00,-37.7969961546,144.9859755269,0.6038679609533425,0.98,-2.000093460083008,True,False,C:\Users\61411\Documents\Codex\2026-05-24\i-am-developing-a-new-research\geotagged\cam1\Cam1_2026-06-09_15-01-54_capt3174_3175.jpg,C:\Users\61411\Documents\Codex\2026-05-24\i-am-developing-a-new-research\experiments\geotagged_cam1_complete_sbg_ins_metadata_v4_20260811\metadata\Cam1_2026-06-09_15-01-54_capt3174_3175.json,4aca8a1208127c8c3e16eda6cbf9f1b0a9a8d5432ba0ac1a23d0a909b8bf9f35,dc5ff452e90eee68389ca1506bfd0f50ae1062f5f11ae282b6edbf1ef42e3270
Cam1_2026-06-09_15-01-55_capt3184_3185.jpg,validation,3184,4752,3168,2026-06-09T05:01:54.312000+00:00,-37.7969837829,144.9858627348,0.6038679609533425,0.98,-2.000093460083008,True,False,C:\Users\61411\Documents\Codex\2026-05-24\i-am-developing-a-new-research\geotagged\cam1\Cam1_2026-06-09_15-01-55_capt3184_3185.jpg,C:\Users\61411\Documents\Codex\2026-05-24\i-am-developing-a-new-research\experiments\geotagged_cam1_complete_sbg_ins_metadata_v4_20260811\metadata\Cam1_2026-06-09_15-01-55_capt3184_3185.json,0f862aa07a1604c14ae5570e2dc325c838aaf7514b036e370917cce5d70fa90c,39045025233333ac432e72aaeda2f54e0ce4700d7f6fa038e8b57db62b376438
Cam1_2026-06-09_15-01-56_capt3194_3195.jpg,validation,3194,4752,3168,2026-06-09T05:01:55.562000+00:00,-37.7969761993,144.9857561122,0.6038679609533425,0.98,-2.000093460083008,True,False,C:\Users\61411\Documents\Codex\2026-05-24\i-am-developing-a-new-research\geotagged\cam1\Cam1_2026-06-09_15-01-56_capt3194_3195.jpg,C:\Users\61411\Documents\Codex\2026-05-24\i-am-developing-a-new-research\experiments\geotagged_cam1_complete_sbg_ins_metadata_v4_20260811\metadata\Cam1_2026-06-09_15-01-56_capt3194_3195.json,e5b76237bed4920cb5c2593e85d4553f4a8656cfa6c521001947c5a3b1e6cf88,0faa10df8a6d5a3a1a737684beaf8047c4f66e97554aab380d76fa52bd478b9c
Cam1_2026-06-09_15-01-58_capt3204_3205.jpg,validation,3204,4752,3168,2026-06-09T05:01:56.811000+00:00,-37.7969715873,144.9856717474,0.7375553015047497,0.98,-1.0001659393310547,True,False,C:\Users\61411\Documents\Codex\2026-05-24\i-am-developing-a-new-research\geotagged\cam1\Cam1_2026-06-09_15-01-58_capt3204_3205.jpg,C:\Users\61411\Documents\Codex\2026-05-24\i-am-developing-a-new-research\experiments\geotagged_cam1_complete_sbg_ins_metadata_v4_20260811\metadata\Cam1_2026-06-09_15-01-58_capt3204_3205.json,a3ca6cd9db9e2efd63f6096ffc8fc6bfb81077180ba688f84000c7db15a65c8a,4dfb0042ed38bd7064d78c6f96467d9f4ec30b8ac4f899f02a77d2730fefa5e0
Cam1_2026-06-09_15-01-59_capt3214_3215.jpg,validation,3214,4752,3168,2026-06-09T05:01:58.061000+00:00,-37.7969673031,144.9856107306,0.7375553015047497,0.98,-1.0001659393310547,True,False,C:\Users\61411\Documents\Codex\2026-05-24\i-am-developing-a-new-research\geotagged\cam1\Cam1_2026-06-09_15-01-59_capt3214_3215.jpg,C:\Users\61411\Documents\Codex\2026-05-24\i-am-developing-a-new-research\experiments\geotagged_cam1_complete_sbg_ins_metadata_v4_20260811\metadata\Cam1_2026-06-09_15-01-59_capt3214_3215.json,7d2799d99eb6e97be8310a2be465208cd67983589d42e3cdbfdd33a356459938,19af98c37e32e3d8a0b38e65780733abb03fa8bce1db27cc0e2c25b527fa0fc1
Cam1_2026-06-09_15-02-00_capt3224_3225.jpg,validation,3224,4752,3168,2026-06-09T05:01:59.311000+00:00,-37.7969623928,144.9855528173,0.7375553015047497,0.98,-1.0001659393310547,True,False,C:\Users\61411\Documents\Codex\2026-05-24\i-am-developing-a-new-research\geotagged\cam1\Cam1_2026-06-09_15-02-00_capt3224_3225.jpg,C:\Users\61411\Documents\Codex\2026-05-24\i-am-developing-a-new-research\experiments\geotagged_cam1_complete_sbg_ins_metadata_v4_20260811\metadata\Cam1_2026-06-09_15-02-00_capt3224_3225.json,8755477394b0e86f33fd058a59cbbc366aa87cfcc2b588e654a712fc0dc237da,6e0ae32db4f808fc0eaed2f32fa6e947261fe64242185cf8a795588ab3b68984
Cam1_2026-06-09_15-02-01_capt3234_3235.jpg,validation,3234,4752,3168,2026-06-09T05:02:00.561000+00:00,-37.7969559755,144.9854884794,0.7375553015047497,0.98,-1.0001659393310547,True,False,C:\Users\61411\Documents\Codex\2026-05-24\i-am-developing-a-new-research\geotagged\cam1\Cam1_2026-06-09_15-02-01_capt3234_3235.jpg,C:\Users\61411\Documents\Codex\2026-05-24\i-am-developing-a-new-research\experiments\geotagged_cam1_complete_sbg_ins_metadata_v4_20260811\metadata\Cam1_2026-06-09_15-02-01_capt3234_3235.json,69d512fe5aa6a476f256464e8e3992622e55e77ff659ee1a4559c0831004a49f,7a52c2c4a0198d75171434bd759d7c63a15e395de50ef73e88dbc3bea340a94d
Cam1_2026-06-09_15-02-03_capt3244_3245.jpg,validation,3244,4752,3168,2026-06-09T05:02:01.811000+00:00,-37.7969467774,144.9854099944,0.7375553015047497,0.98,-1.0001659393310547,True,False,C:\Users\61411\Documents\Codex\2026-05-24\i-am-developing-a-new-research\geotagged\cam1\Cam1_2026-06-09_15-02-03_capt3244_3245.jpg,C:\Users\61411\Documents\Codex\2026-05-24\i-am-developing-a-new-research\experiments\geotagged_cam1_complete_sbg_ins_metadata_v4_20260811\metadata\Cam1_2026-06-09_15-02-03_capt3244_3245.json,365fe0fa68662fd172ee8feb25a9cad7fd7b46de41e002754f6b2e4fa2e514b6,f2ecb70c31333d64e8204d1d1e4d8f06e63fcfc7dcd6a64554469b553a80b0f1
Cam1_2026-06-09_15-02-04_capt3254_3255.jpg,validation,3254,4752,3168,2026-06-09T05:02:03.060000+00:00,-37.7969355023,144.9853146585,0.9008819774079692,0.98,0.0,True,False,C:\Users\61411\Documents\Codex\2026-05-24\i-am-developing-a-new-research\geotagged\cam1\Cam1_2026-06-09_15-02-04_capt3254_3255.jpg,C:\Users\61411\Documents\Codex\2026-05-24\i-am-developing-a-new-research\experiments\geotagged_cam1_complete_sbg_ins_metadata_v4_20260811\metadata\Cam1_2026-06-09_15-02-04_capt3254_3255.json,15f4661896b5ef99088b2fbd6104adb1252feccad0d3eeb8b50f4060e5b05289,fe368aeed7982403c1fc9c5989b6b5272d78aa7c752b24d498f6b611923eeeb9
Cam1_2026-06-09_15-02-05_capt3264_3265.jpg,validation,3264,4752,3168,2026-06-09T05:02:04.310000+00:00,-37.7969234383,144.9852069076,0.9008819774079692,0.98,0.0,True,False,C:\Users\61411\Documents\Codex\2026-05-24\i-am-developing-a-new-research\geotagged\cam1\Cam1_2026-06-09_15-02-05_capt3264_3265.jpg,C:\Users\61411\Documents\Codex\2026-05-24\i-am-developing-a-new-research\experiments\geotagged_cam1_complete_sbg_ins_metadata_v4_20260811\metadata\Cam1_2026-06-09_15-02-05_capt3264_3265.json,577436ff9e0b6e89a2867678c74cdd26c90fea76dab6f79c3a14d51f5daedc8b,c60afde47f902f1afd3d13f374be36f1ad725fe35d0a22278e876b62b77c689a
Cam1_2026-06-09_15-02-06_capt3274_3275.jpg,validation,3274,4752,3168,2026-06-09T05:02:05.560000+00:00,-37.7969133554,144.9851020048,0.9008819774079692,0.98,0.0,True,False,C:\Users\61411\Documents\Codex\2026-05-24\i-am-developing-a-new-research\geotagged\cam1\Cam1_2026-06-09_15-02-06_capt3274_3275.jpg,C:\Users\61411\Documents\Codex\2026-05-24\i-am-developing-a-new-research\experiments\geotagged_cam1_complete_sbg_ins_metadata_v4_20260811\metadata\Cam1_2026-06-09_15-02-06_capt3274_3275.json,b54648bebbadd51958f0b99b412539b98c1e471cab69b4604c859a46ca717c30,555ec7c2862323525e174a546c0afa4c25f239e70552bd4cafceabd7854d85e6
Cam1_2026-06-09_15-02-08_capt3284_3285.jpg,validation,3284,4752,3168,2026-06-09T05:02:06.810000+00:00,-37.796907487,144.9850166572,0.9007318429232891,0.98,0.0,True,False,C:\Users\61411\Documents\Codex\2026-05-24\i-am-developing-a-new-research\geotagged\cam1\Cam1_2026-06-09_15-02-08_capt3284_3285.jpg,C:\Users\61411\Documents\Codex\2026-05-24\i-am-developing-a-new-research\experiments\geotagged_cam1_complete_sbg_ins_metadata_v4_20260811\metadata\Cam1_2026-06-09_15-02-08_capt3284_3285.json,09af8f7120f9ab9bed95ee74073e257e8205c613b23c65db0d75f16b93362e2b,f5ea1e6c16d992c947887cdcde4d1641a26fbae53ad5f882732f96922e51d1dd
Cam1_2026-06-09_15-02-09_capt3294_3295.jpg,validation,3294,4752,3168,2026-06-09T05:02:08.060000+00:00,-37.7969040532,144.9849502346,0.9007318429232891,0.98,0.0,True,False,C:\Users\61411\Documents\Codex\2026-05-24\i-am-developing-a-new-research\geotagged\cam1\Cam1_2026-06-09_15-02-09_capt3294_3295.jpg,C:\Users\61411\Documents\Codex\2026-05-24\i-am-developing-a-new-research\experiments\geotagged_cam1_complete_sbg_ins_metadata_v4_20260811\metadata\Cam1_2026-06-09_15-02-09_capt3294_3295.json,7109ffa5690703a232b0584bd21f4fb87744ceecaa303ad5d9a8259592c3eb88,11bb6e0031ad6d1be1668cf1e3b57fbba318218b8d81e1673d90aff106ec9a27
